"institution","file","status"
"hiof","hiof_LMBENG102171_2026_V_chromote.txt","OK"
"hiof","hiof_LMBENG103171_2026_V_chromote.txt","OK"
"hiof","hiof_LMBENG112211_2026_V_chromote.txt","OK"
"hiof","hiof_LMBENG113211_2026_V_chromote.txt","OK"
"hiof","hiof_LMBENG402171_2026_V_chromote.txt","OK"
"hiof","hiof_LMBKHV101171_2026_V_chromote.txt","OK"
"hiof","hiof_LMBKHV102171_2026_V_chromote.txt","OK"
"hiof","hiof_LMBKRLE101171_2026_V_chromote.txt","OK"
"hiof","hiof_LMBKRO101211_2026_V_chromote.txt","OK"
"hiof","hiof_LMBKRO111211_2026_V_chromote.txt","OK"
"hiof","hiof_LMBMAT101231_2025_H_chromote.txt","OK"
"hiof","hiof_LMBMAT402171_2026_V_chromote.txt","OK"
"hiof","hiof_LMBNOR102181_2026_V_chromote.txt","OK"
"hiof","hiof_LMBNOR103171_2026_V_chromote.txt","OK"
"hiof","hiof_LMBPED102241_2025_H_chromote.txt","OK"
"hiof","hiof_LMBPED103171_2026_V_chromote.txt","OK"
"hiof","hiof_LMBPED104171_2026_V_chromote.txt","OK"
"hiof","hiof_LMBPED403241_2025_H_chromote.txt","OK"
"hiof","hiof_LMBSAM102171_2026_V_chromote.txt","OK"
"hiof","hiof_LMBVIT404201_2026_V_chromote.txt","OK"
"hiof","hiof_LMUENG102211_2026_V_chromote.txt","OK"
"hiof","hiof_LMUENG103211_2026_V_chromote.txt","OK"
"hiof","hiof_LMUENG402171_2026_V_chromote.txt","OK"
"hiof","hiof_LMUFRA101241_2025_H_chromote.txt","OK"
"hiof","hiof_LMUFRA104171_2026_V_chromote.txt","OK"
"hiof","hiof_LMUFRA114211_2026_V_chromote.txt","OK"
"hiof","hiof_LMUKHV101171_2026_V_chromote.txt","OK"
"hiof","hiof_LMUKHV102211_2026_V_chromote.txt","OK"
"hiof","hiof_LMUKHV103211_2026_V_chromote.txt","OK"
"hiof","hiof_LMUKRLE101211_2026_V_chromote.txt","OK"
"hiof","hiof_LMUKRLE103211_2026_V_chromote.txt","OK"
"hiof","hiof_LMUKRLE111211_2026_V_chromote.txt","OK"
"hiof","hiof_LMUKRLE113231_2026_V_chromote.txt","OK"
"hiof","hiof_LMUKRO101211_2026_V_chromote.txt","OK"
"hiof","hiof_LMUMAT102191_2026_V_chromote.txt","OK"
"hiof","hiof_LMUMAT103241_2025_H_chromote.txt","OK"
"hiof","hiof_LMUMAT402171_2026_V_chromote.txt","OK"
"hiof","hiof_LMUNOR102171_2026_V_chromote.txt","OK"
"hiof","hiof_LMUNOR104211_2026_V_chromote.txt","OK"
"hiof","hiof_LMUPED102241_2025_H_chromote.txt","OK"
"hiof","hiof_LMUPED103171_2026_V_chromote.txt","OK"
"hiof","hiof_LMUPED104171_2026_V_chromote.txt","OK"
"hiof","hiof_LMUPED403241_2025_H_chromote.txt","OK"
"hiof","hiof_LMUSAM102191_2026_V_chromote.txt","OK"
"hiof","hiof_LMUSAM104211_2026_V_chromote.txt","OK"
"hiof","hiof_LMUSAM112211_2026_V_chromote.txt","OK"
"hiof","hiof_LMUSAM114211_2026_V_chromote.txt","OK"
"hiof","hiof_LMUSPA101241_2025_H_chromote.txt","OK"
"hiof","hiof_LMUSPA104171_2026_V_chromote.txt","OK"
"hiof","hiof_LMUSPA114211_2026_V_chromote.txt","OK"
"hiof","hiof_LMUTYS101241_2025_H_chromote.txt","OK"
"hiof","hiof_LMUTYS104221_2026_V_chromote.txt","OK"
"hiof","hiof_LMUTYS112221_2026_V_chromote.txt","OK"
"hiof","hiof_LMUTYS114221_2026_V_chromote.txt","OK"
"hiof","hiof_LMUTYS402171_2026_V_chromote.txt","OK"
"hiof","hiof_LMUVIT404201_2026_V_chromote.txt","OK"
"hivolda","hivolda_MGL17DKL1_2026_V_chromote.txt","OK"
"hivolda","hivolda_MGL17EN1A1_2026_V_chromote.txt","OK"
"hivolda","hivolda_MGL17EN1B1_2026_V_chromote.txt","OK"
"hivolda","hivolda_MGL17EN1B21_2026_V_chromote.txt","OK"
"hivolda","hivolda_MGL17FOUMA1_2026_V_chromote.txt","OK"
"hivolda","hivolda_MGL17FOUNO1_2026_V_chromote.txt","OK"
"hivolda","hivolda_MGL17KH1A1_2026_V_chromote.txt","OK"
"hivolda","hivolda_MGL17KH1B1_2026_V_chromote.txt","OK"
"hivolda","hivolda_MGL17KR11_2026_V_chromote.txt","OK"
"hivolda","hivolda_MGL17KRLE1_2026_V_chromote.txt","OK"
"hivolda","hivolda_MGL17MA1A21_2026_V_chromote.txt","OK"
"hivolda","hivolda_MGL17MA1B21_2026_V_chromote.txt","OK"
"hivolda","hivolda_MGL17MA2A1_2026_V_chromote.txt","OK"
"hivolda","hivolda_MGL17MA2B1_2026_V_chromote.txt","OK"
"hivolda","hivolda_MGL17MA3A1_2026_V_chromote.txt","OK"
"hivolda","hivolda_MGL17MA3B1_2026_V_chromote.txt","OK"
"hivolda","hivolda_MGL17MA3C1_2026_V_chromote.txt","OK"
"hivolda","hivolda_MGL17NA1A1_2026_V_chromote.txt","OK"
"hivolda","hivolda_MGL17NA1B1_2026_V_chromote.txt","OK"
"hivolda","hivolda_MGL17NO1A1_2026_V_chromote.txt","Mangler hovedseksjoner"
"hivolda","hivolda_MGL17NO1B1_2026_V_chromote.txt","OK"
"hivolda","hivolda_MGL17NO2A1_2026_V_chromote.txt","OK"
"hivolda","hivolda_MGL17NO2B1_2026_V_chromote.txt","OK"
"hivolda","hivolda_MGL17NO3A1_2026_V_chromote.txt","OK"
"hivolda","hivolda_MGL17NO3B1_2026_V_chromote.txt","OK"
"hivolda","hivolda_MGL17NO3C1_2026_V_chromote.txt","OK"
"hivolda","hivolda_MGL17OPPG1_2026_V_chromote.txt","OK"
"hivolda","hivolda_MGL17PE11_2026_V_chromote.txt","OK"
"hivolda","hivolda_MGL17PE21_2026_V_chromote.txt","OK"
"hivolda","hivolda_MGL17PE31_2026_V_chromote.txt","OK"
"hivolda","hivolda_MGL17PE41_2026_V_chromote.txt","OK"
"hivolda","hivolda_MGL17PR11_2026_V_chromote.txt","OK"
"hivolda","hivolda_MGL17PR21_2026_V_chromote.txt","OK"
"hivolda","hivolda_MGL17PR41_2026_V_chromote.txt","OK"
"hivolda","hivolda_MGL17PRO1_2026_V_chromote.txt","OK"
"hivolda","hivolda_MGL17SP11_2026_V_chromote.txt","OK"
"hivolda","hivolda_MGL17SP21_2026_V_chromote.txt","OK"
"hivolda","hivolda_MGL17SP31_2026_V_chromote.txt","OK"
"hivolda","hivolda_MGL17VF1_2026_V_chromote.txt","OK"
"hivolda","hivolda_MGL510DKL1_2026_V_chromote.txt","OK"
"hivolda","hivolda_MGL510EN1A1_2026_V_chromote.txt","OK"
"hivolda","hivolda_MGL510EN1B1_2026_V_chromote.txt","OK"
"hivolda","hivolda_MGL510EN2A2_2026_V_chromote.txt","OK"
"hivolda","hivolda_MGL510EN2B1_2026_V_chromote.txt","OK"
"hivolda","hivolda_MGL510EN3A1_2026_V_chromote.txt","OK"
"hivolda","hivolda_MGL510EN3B1_2026_V_chromote.txt","OK"
"hivolda","hivolda_MGL510EN3C1_2026_V_chromote.txt","OK"
"hivolda","hivolda_MGL510FOUMA1_2026_V_chromote.txt","OK"
"hivolda","hivolda_MGL510FOUNO1_2026_V_chromote.txt","OK"
"hivolda","hivolda_MGL510KR11_2026_V_chromote.txt","OK"
"hivolda","hivolda_MGL510KRLE1_2026_V_chromote.txt","OK"
"hivolda","hivolda_MGL510MA1A21_2026_V_chromote.txt","OK"
"hivolda","hivolda_MGL510MA1B21_2026_V_chromote.txt","OK"
"hivolda","hivolda_MGL510MA2A1_2026_V_chromote.txt","OK"
"hivolda","hivolda_MGL510MA2B1_2026_V_chromote.txt","OK"
"hivolda","hivolda_MGL510MA3A1_2026_V_chromote.txt","OK"
"hivolda","hivolda_MGL510MA3B1_2026_V_chromote.txt","OK"
"hivolda","hivolda_MGL510MA3C1_2026_V_chromote.txt","OK"
"hivolda","hivolda_MGL510NA1A1_2026_V_chromote.txt","OK"
"hivolda","hivolda_MGL510NA1B1_2026_V_chromote.txt","OK"
"hivolda","hivolda_MGL510NO1A1_2026_V_chromote.txt","Mangler hovedseksjoner"
"hivolda","hivolda_MGL510NO1B1_2026_V_chromote.txt","OK"
"hivolda","hivolda_MGL510NO2A1_2026_V_chromote.txt","OK"
"hivolda","hivolda_MGL510NO2B1_2026_V_chromote.txt","OK"
"hivolda","hivolda_MGL510NO3A1_2026_V_chromote.txt","OK"
"hivolda","hivolda_MGL510NO3B1_2026_V_chromote.txt","OK"
"hivolda","hivolda_MGL510NO3C1_2026_V_chromote.txt","OK"
"hivolda","hivolda_MGL510OPPG1_2026_V_chromote.txt","OK"
"hivolda","hivolda_MGL510PE11_2026_V_chromote.txt","OK"
"hivolda","hivolda_MGL510PE21_2026_V_chromote.txt","OK"
"hivolda","hivolda_MGL510PE31_2026_V_chromote.txt","OK"
"hivolda","hivolda_MGL510PE41_2026_V_chromote.txt","OK"
"hivolda","hivolda_MGL510PR11_2026_V_chromote.txt","OK"
"hivolda","hivolda_MGL510PR21_2026_V_chromote.txt","OK"
"hivolda","hivolda_MGL510PR41_2026_V_chromote.txt","OK"
"hivolda","hivolda_MGL510PRO1_2026_V_chromote.txt","OK"
"hivolda","hivolda_MGL510SA1A1_2026_V_chromote.txt","OK"
"hivolda","hivolda_MGL510SA1B1_2026_V_chromote.txt","OK"
"hivolda","hivolda_MGL510SA2A2_2026_V_chromote.txt","OK"
"hivolda","hivolda_MGL510SA2B1_2026_V_chromote.txt","OK"
"hivolda","hivolda_MGL510SA3A1_2026_V_chromote.txt","OK"
"hivolda","hivolda_MGL510SA3B1_2026_V_chromote.txt","OK"
"hivolda","hivolda_MGL510SA3C1_2026_V_chromote.txt","OK"
"hivolda","hivolda_MGL510SP11_2026_V_chromote.txt","OK"
"hivolda","hivolda_MGL510SP21_2026_V_chromote.txt","OK"
"hivolda","hivolda_MGL510SP31_2026_V_chromote.txt","OK"
"hivolda","hivolda_MGL510VF1_2026_V_chromote.txt","OK"
"hvl","hvl_LUPEF1031___chromote.txt","OK"
"hvl","hvl_LUPEKI1011___chromote.txt","OK"
"hvl","hvl_LUPEKI1021___chromote.txt","OK"
"hvl","hvl_LUPEKI1041___chromote.txt","OK"
"hvl","hvl_LUPEKI2011___chromote.txt","OK"
"hvl","hvl_LUPEKI2021___chromote.txt","OK"
"hvl","hvl_LUPEKI2031___chromote.txt","OK"
"hvl","hvl_LUPEKI2041___chromote.txt","OK"
"hvl","hvl_LUPEKI3011___chromote.txt","OK"
"hvl","hvl_LUPEKI3021___chromote.txt","OK"
"hvl","hvl_LUPEKP1001___chromote.txt","OK"
"hvl","hvl_LUPEKP2001___chromote.txt","OK"
"hvl","hvl_LUPEKP3001___chromote.txt","OK"
"hvl","hvl_LUPEM1011___chromote.txt","OK"
"hvl","hvl_LUPEM1021___chromote.txt","OK"
"hvl","hvl_LUPEM1041___chromote.txt","OK"
"hvl","hvl_LUPEM2011___chromote.txt","OK"
"hvl","hvl_LUPEM2021___chromote.txt","OK"
"hvl","hvl_LUPEM2031___chromote.txt","OK"
"hvl","hvl_LUPEM2041___chromote.txt","OK"
"hvl","hvl_LUPEM3011___chromote.txt","OK"
"hvl","hvl_LUPEM3021___chromote.txt","OK"
"hvl","hvl_LUPEMP1001___chromote.txt","OK"
"hvl","hvl_LUPEMP2001___chromote.txt","OK"
"hvl","hvl_MGBEN1011___chromote.txt","OK"
"hvl","hvl_MGBEN1041___chromote.txt","OK"
"hvl","hvl_MGBEN2011___chromote.txt","OK"
"hvl","hvl_MGBEN2041___chromote.txt","OK"
"hvl","hvl_MGBEN3011___chromote.txt","OK"
"hvl","hvl_MGBEN4011___chromote.txt","OK"
"hvl","hvl_MGBK1011___chromote.txt","OK"
"hvl","hvl_MGBK2011___chromote.txt","OK"
"hvl","hvl_MGBK3011___chromote.txt","OK"
"hvl","hvl_MGBK4011___chromote.txt","OK"
"hvl","hvl_MGBK5011___chromote.txt","OK"
"hvl","hvl_MGBK5021___chromote.txt","OK"
"hvl","hvl_MGBK5031___chromote.txt","OK"
"hvl","hvl_MGBK5501___chromote.txt","OK"
"hvl","hvl_MGBKH1011___chromote.txt","OK"
"hvl","hvl_MGBKH1411___chromote.txt","OK"
"hvl","hvl_MGBKH2011___chromote.txt","OK"
"hvl","hvl_MGBKH2411___chromote.txt","OK"
"hvl","hvl_MGBKH3011___chromote.txt","OK"
"hvl","hvl_MGBKH4011___chromote.txt","OK"
"hvl","hvl_MGBKH5011___chromote.txt","OK"
"hvl","hvl_MGBKH5021___chromote.txt","OK"
"hvl","hvl_MGBKH5031___chromote.txt","OK"
"hvl","hvl_MGBKH5501___chromote.txt","OK"
"hvl","hvl_MGBKR1011___chromote.txt","OK"
"hvl","hvl_MGBKR1411___chromote.txt","OK"
"hvl","hvl_MGBKR3011___chromote.txt","OK"
"hvl","hvl_MGBKR4011___chromote.txt","OK"
"hvl","hvl_MGBKR5011___chromote.txt","OK"
"hvl","hvl_MGBKR5021___chromote.txt","OK"
"hvl","hvl_MGBKR5031___chromote.txt","OK"
"hvl","hvl_MGBKR5501___chromote.txt","OK"
"hvl","hvl_MGBMA1011___chromote.txt","OK"
"hvl","hvl_MGBMA2011___chromote.txt","OK"
"hvl","hvl_MGBMA3011___chromote.txt","OK"
"hvl","hvl_MGBMA3021___chromote.txt","OK"
"hvl","hvl_MGBMA4011___chromote.txt","Mangler hovedseksjoner"
"hvl","hvl_MGBMA4021___chromote.txt","OK"
"hvl","hvl_MGBMA5011___chromote.txt","OK"
"hvl","hvl_MGBMA5021___chromote.txt","OK"
"hvl","hvl_MGBMA5031___chromote.txt","OK"
"hvl","hvl_MGBMA5501___chromote.txt","OK"
"hvl","hvl_MGBMH101A1___chromote.txt","OK"
"hvl","hvl_MGBMH1411___chromote.txt","OK"
"hvl","hvl_MGBMH201A1___chromote.txt","OK"
"hvl","hvl_MGBMH2411___chromote.txt","OK"
"hvl","hvl_MGBMH301A1___chromote.txt","OK"
"hvl","hvl_MGBMH4011___chromote.txt","OK"
"hvl","hvl_MGBMH5011___chromote.txt","OK"
"hvl","hvl_MGBMH5021___chromote.txt","OK"
"hvl","hvl_MGBMH5031___chromote.txt","OK"
"hvl","hvl_MGBMH5501___chromote.txt","OK"
"hvl","hvl_MGBMU1011___chromote.txt","OK"
"hvl","hvl_MGBMU1411___chromote.txt","OK"
"hvl","hvl_MGBMU2011___chromote.txt","OK"
"hvl","hvl_MGBMU2411___chromote.txt","OK"
"hvl","hvl_MGBMU3011___chromote.txt","OK"
"hvl","hvl_MGBMU4011___chromote.txt","OK"
"hvl","hvl_MGBMU5011___chromote.txt","OK"
"hvl","hvl_MGBMU5021___chromote.txt","OK"
"hvl","hvl_MGBMU5031___chromote.txt","OK"
"hvl","hvl_MGBMU5501___chromote.txt","OK"
"hvl","hvl_MGBNA1011___chromote.txt","OK"
"hvl","hvl_MGBNA1411___chromote.txt","OK"
"hvl","hvl_MGBNA2011___chromote.txt","OK"
"hvl","hvl_MGBNA2411___chromote.txt","OK"
"hvl","hvl_MGBNA3011___chromote.txt","OK"
"hvl","hvl_MGBNA4011___chromote.txt","OK"
"hvl","hvl_MGBNA5011___chromote.txt","OK"
"hvl","hvl_MGBNA5021___chromote.txt","OK"
"hvl","hvl_MGBNA5031___chromote.txt","OK"
"hvl","hvl_MGBNA5501___chromote.txt","OK"
"hvl","hvl_MGBNO1011___chromote.txt","OK"
"hvl","hvl_MGBNO2011___chromote.txt","OK"
"hvl","hvl_MGBNO3011___chromote.txt","OK"
"hvl","hvl_MGBNO4011___chromote.txt","OK"
"hvl","hvl_MGBNO5011___chromote.txt","OK"
"hvl","hvl_MGBNO5021___chromote.txt","OK"
"hvl","hvl_MGBNO5031___chromote.txt","OK"
"hvl","hvl_MGBNO5501___chromote.txt","OK"
"hvl","hvl_MGBPDK1411___chromote.txt","OK"
"hvl","hvl_MGBPE1011___chromote.txt","OK"
"hvl","hvl_MGBPE2011___chromote.txt","OK"
"hvl","hvl_MGBPE3011___chromote.txt","OK"
"hvl","hvl_MGBPE4011___chromote.txt","OK"
"hvl","hvl_MGBPP1011___chromote.txt","OK"
"hvl","hvl_MGBPP2011___chromote.txt","OK"
"hvl","hvl_MGBPP5011___chromote.txt","OK"
"hvl","hvl_MGBPP5501___chromote.txt","OK"
"hvl","hvl_MGBPRA1011___chromote.txt","OK"
"hvl","hvl_MGBPRA3011___chromote.txt","OK"
"hvl","hvl_MGBPRA4011___chromote.txt","OK"
"hvl","hvl_MGBPRO1011___chromote.txt","OK"
"hvl","hvl_MGBPRO2011___chromote.txt","OK"
"hvl","hvl_MGBPRO3011___chromote.txt","OK"
"hvl","hvl_MGBPRS3011___chromote.txt","OK"
"hvl","hvl_MGBSA1011___chromote.txt","OK"
"hvl","hvl_MGBSA1411___chromote.txt","OK"
"hvl","hvl_MGBSA2011___chromote.txt","OK"
"hvl","hvl_MGBSA2411___chromote.txt","OK"
"hvl","hvl_MGBSA3011___chromote.txt","OK"
"hvl","hvl_MGBSA4011___chromote.txt","OK"
"hvl","hvl_MGBSA5011___chromote.txt","OK"
"hvl","hvl_MGBSA5021___chromote.txt","OK"
"hvl","hvl_MGBSA5031___chromote.txt","OK"
"hvl","hvl_MGBSA5501___chromote.txt","OK"
"hvl","hvl_MGBSP1011___chromote.txt","OK"
"hvl","hvl_MGBSP2011___chromote.txt","OK"
"hvl","hvl_MGBSP5011___chromote.txt","OK"
"hvl","hvl_MGBSP5501___chromote.txt","OK"
"hvl","hvl_MGBUB1011___chromote.txt","OK"
"hvl","hvl_MGBUB2011___chromote.txt","OK"
"hvl","hvl_MGPRA101___chromote.txt","OK"
"hvl","hvl_MGPRA151___chromote.txt","OK"
"hvl","hvl_MGPRA201___chromote.txt","OK"
"hvl","hvl_MGPRA51___chromote.txt","OK"
"hvl","hvl_MGUEN1011___chromote.txt","OK"
"hvl","hvl_MGUEN1021___chromote.txt","OK"
"hvl","hvl_MGUEN2011___chromote.txt","OK"
"hvl","hvl_MGUEN3011___chromote.txt","OK"
"hvl","hvl_MGUEN3021___chromote.txt","OK"
"hvl","hvl_MGUEN4011___chromote.txt","OK"
"hvl","hvl_MGUEN4021___chromote.txt","OK"
"hvl","hvl_MGUK1011___chromote.txt","OK"
"hvl","hvl_MGUK1021___chromote.txt","OK"
"hvl","hvl_MGUK2011___chromote.txt","OK"
"hvl","hvl_MGUK2021___chromote.txt","OK"
"hvl","hvl_MGUK3011___chromote.txt","OK"
"hvl","hvl_MGUK3021___chromote.txt","OK"
"hvl","hvl_MGUK4011___chromote.txt","OK"
"hvl","hvl_MGUK4021___chromote.txt","OK"
"hvl","hvl_MGUK5011___chromote.txt","OK"
"hvl","hvl_MGUK5021___chromote.txt","OK"
"hvl","hvl_MGUK5031___chromote.txt","OK"
"hvl","hvl_MGUK5501___chromote.txt","OK"
"hvl","hvl_MGUKH1011___chromote.txt","OK"
"hvl","hvl_MGUKH1311___chromote.txt","OK"
"hvl","hvl_MGUKH2011___chromote.txt","OK"
"hvl","hvl_MGUKH2311___chromote.txt","OK"
"hvl","hvl_MGUKH3011___chromote.txt","OK"
"hvl","hvl_MGUKH4011___chromote.txt","OK"
"hvl","hvl_MGUKH5011___chromote.txt","OK"
"hvl","hvl_MGUKH5021___chromote.txt","OK"
"hvl","hvl_MGUKH5031___chromote.txt","OK"
"hvl","hvl_MGUKH5501___chromote.txt","OK"
"hvl","hvl_MGUKR1011___chromote.txt","OK"
"hvl","hvl_MGUKR1311___chromote.txt","OK"
"hvl","hvl_MGUKR3011___chromote.txt","OK"
"hvl","hvl_MGUKR4011___chromote.txt","OK"
"hvl","hvl_MGUKR5011___chromote.txt","OK"
"hvl","hvl_MGUKR5021___chromote.txt","OK"
"hvl","hvl_MGUKR5031___chromote.txt","OK"
"hvl","hvl_MGUKR5501___chromote.txt","OK"
"hvl","hvl_MGUMA1011___chromote.txt","OK"
"hvl","hvl_MGUMA1021___chromote.txt","OK"
"hvl","hvl_MGUMA2011___chromote.txt","OK"
"hvl","hvl_MGUMA2021___chromote.txt","OK"
"hvl","hvl_MGUMA3011___chromote.txt","OK"
"hvl","hvl_MGUMA4011___chromote.txt","OK"
"hvl","hvl_MGUMA5011___chromote.txt","OK"
"hvl","hvl_MGUMA5021___chromote.txt","OK"
"hvl","hvl_MGUMA5031___chromote.txt","OK"
"hvl","hvl_MGUMA5501___chromote.txt","OK"
"hvl","hvl_MGUMAT3021___chromote.txt","OK"
"hvl","hvl_MGUMAT4021___chromote.txt","OK"
"hvl","hvl_MGUMH101A1___chromote.txt","OK"
"hvl","hvl_MGUMH1311___chromote.txt","OK"
"hvl","hvl_MGUMH201A1___chromote.txt","OK"
"hvl","hvl_MGUMH2311___chromote.txt","OK"
"hvl","hvl_MGUMH301A1___chromote.txt","OK"
"hvl","hvl_MGUMH4011___chromote.txt","OK"
"hvl","hvl_MGUMH5011___chromote.txt","OK"
"hvl","hvl_MGUMH5021___chromote.txt","OK"
"hvl","hvl_MGUMH5031___chromote.txt","OK"
"hvl","hvl_MGUMH5501___chromote.txt","OK"
"hvl","hvl_MGUMU1011___chromote.txt","OK"
"hvl","hvl_MGUMU1311___chromote.txt","OK"
"hvl","hvl_MGUMU2011___chromote.txt","OK"
"hvl","hvl_MGUMU2311___chromote.txt","OK"
"hvl","hvl_MGUMU3011___chromote.txt","OK"
"hvl","hvl_MGUMU4011___chromote.txt","OK"
"hvl","hvl_MGUMU5011___chromote.txt","OK"
"hvl","hvl_MGUMU5021___chromote.txt","OK"
"hvl","hvl_MGUMU5031___chromote.txt","OK"
"hvl","hvl_MGUMU5501___chromote.txt","OK"
"hvl","hvl_MGUNA1021___chromote.txt","OK"
"hvl","hvl_MGUNA1311___chromote.txt","OK"
"hvl","hvl_MGUNA2011___chromote.txt","OK"
"hvl","hvl_MGUNA2021___chromote.txt","OK"
"hvl","hvl_MGUNA2311___chromote.txt","OK"
"hvl","hvl_MGUNA3011___chromote.txt","OK"
"hvl","hvl_MGUNA3021___chromote.txt","OK"
"hvl","hvl_MGUNA4011___chromote.txt","OK"
"hvl","hvl_MGUNA4021___chromote.txt","OK"
"hvl","hvl_MGUNA5011___chromote.txt","OK"
"hvl","hvl_MGUNA5021___chromote.txt","OK"
"hvl","hvl_MGUNA5031___chromote.txt","OK"
"hvl","hvl_MGUNA5501___chromote.txt","OK"
"hvl","hvl_MGUNO1011___chromote.txt","OK"
"hvl","hvl_MGUNO1021___chromote.txt","OK"
"hvl","hvl_MGUNO2011___chromote.txt","OK"
"hvl","hvl_MGUNO2021___chromote.txt","OK"
"hvl","hvl_MGUNO5011___chromote.txt","OK"
"hvl","hvl_MGUNO5021___chromote.txt","OK"
"hvl","hvl_MGUNO5031___chromote.txt","OK"
"hvl","hvl_MGUNO5501___chromote.txt","OK"
"hvl","hvl_MGUNOR3011___chromote.txt","OK"
"hvl","hvl_MGUNOR3021___chromote.txt","OK"
"hvl","hvl_MGUNOR4011___chromote.txt","OK"
"hvl","hvl_MGUNOR4021___chromote.txt","OK"
"hvl","hvl_MGUPDK1311___chromote.txt","OK"
"hvl","hvl_MGUPE1011___chromote.txt","OK"
"hvl","hvl_MGUPE2011___chromote.txt","OK"
"hvl","hvl_MGUPE3011___chromote.txt","OK"
"hvl","hvl_MGUPE4011___chromote.txt","OK"
"hvl","hvl_MGUPP1011___chromote.txt","OK"
"hvl","hvl_MGUPP2011___chromote.txt","OK"
"hvl","hvl_MGUPP5011___chromote.txt","OK"
"hvl","hvl_MGUPP5501___chromote.txt","OK"
"hvl","hvl_MGUPRA1011___chromote.txt","OK"
"hvl","hvl_MGUPRA4011___chromote.txt","OK"
"hvl","hvl_MGUPRO1011___chromote.txt","OK"
"hvl","hvl_MGUPRO2011___chromote.txt","OK"
"hvl","hvl_MGUPRO3011___chromote.txt","OK"
"hvl","hvl_MGUSA1011___chromote.txt","OK"
"hvl","hvl_MGUSA1021___chromote.txt","OK"
"hvl","hvl_MGUSA1311___chromote.txt","OK"
"hvl","hvl_MGUSA2011___chromote.txt","OK"
"hvl","hvl_MGUSA2021___chromote.txt","OK"
"hvl","hvl_MGUSA2311___chromote.txt","OK"
"hvl","hvl_MGUSA3011___chromote.txt","OK"
"hvl","hvl_MGUSA3021___chromote.txt","OK"
"hvl","hvl_MGUSA4011___chromote.txt","OK"
"hvl","hvl_MGUSA4021___chromote.txt","OK"
"hvl","hvl_MGUSA5011___chromote.txt","OK"
"hvl","hvl_MGUSA5021___chromote.txt","OK"
"hvl","hvl_MGUSA5031___chromote.txt","OK"
"hvl","hvl_MGUSA5501___chromote.txt","OK"
"hvl","hvl_MGUSP1011___chromote.txt","OK"
"hvl","hvl_MGUSP2011___chromote.txt","OK"
"hvl","hvl_MGUSP5011___chromote.txt","OK"
"hvl","hvl_MGUSP5501___chromote.txt","OK"
"hvl","hvl_MGUUB1011___chromote.txt","OK"
"hvl","hvl_MGUUB2011___chromote.txt","OK"
"inn","inn_2ENL51101_2026_V_chromote.txt","Mangler hovedseksjoner"
"inn","inn_2ENL51111_2026_V_chromote.txt","Mangler hovedseksjoner"
"inn","inn_2ENL51121_2026_V_chromote.txt","Mangler hovedseksjoner"
"inn","inn_2ENL51131_2026_V_chromote.txt","Mangler hovedseksjoner"
"inn","inn_2ENL51141_2026_V_chromote.txt","Mangler hovedseksjoner"
"inn","inn_2ENL51151_2026_V_chromote.txt","Mangler hovedseksjoner"
"inn","inn_2ENL51211_2026_V_chromote.txt","Mangler hovedseksjoner"
"inn","inn_2ENL51221_2026_V_chromote.txt","Mangler hovedseksjoner"
"inn","inn_2ENL512311_2026_V_chromote.txt","Mangler hovedseksjoner"
"inn","inn_2ENL512411_2026_V_chromote.txt","Mangler hovedseksjoner"
"inn","inn_2ENL5171_2026_V_chromote.txt","Mangler hovedseksjoner"
"inn","inn_2ENL5181_2026_V_chromote.txt","Mangler hovedseksjoner"
"inn","inn_2ENL5191_2026_V_chromote.txt","Mangler hovedseksjoner"
"inn","inn_2ENLBA1_2026_V_chromote.txt","Mangler hovedseksjoner"
"inn","inn_2INTSEMLU1_2026_V_chromote.txt","OK"
"inn","inn_2LUOPP31_2026_V_chromote.txt","OK"
"inn","inn_2MASTER171_2026_V_chromote.txt","OK"
"inn","inn_2MASTER17E1_2026_V_chromote.txt","OK"
"inn","inn_2MASTER5101_2026_V_chromote.txt","OK"
"inn","inn_2MASTER510E1_2026_V_chromote.txt","OK"
"inn","inn_2MEL3011_2026_V_chromote.txt","OK"
"inn","inn_2MEN17111_2025_H_chromote.txt","OK"
"inn","inn_2MEN17121_2025_H_chromote.txt","OK"
"inn","inn_2MEN17131_2025_H_chromote.txt","OK"
"inn","inn_2MEN17141_2025_H_chromote.txt","OK"
"inn","inn_2MEN17151_2026_V_chromote.txt","OK"
"inn","inn_2MEN17161_2026_V_chromote.txt","OK"
"inn","inn_2MEN17171_2026_V_chromote.txt","OK"
"inn","inn_2MEN171S11_2026_V_chromote.txt","OK"
"inn","inn_2MEN171S21_2026_V_chromote.txt","OK"
"inn","inn_2MEN510111_2025_H_chromote.txt","OK"
"inn","inn_2MEN510121_2025_H_chromote.txt","OK"
"inn","inn_2MEN510131_2026_V_chromote.txt","OK"
"inn","inn_2MEN510141_2025_H_chromote.txt","OK"
"inn","inn_2MEN510151_2026_V_chromote.txt","OK"
"inn","inn_2MEN510161_2026_V_chromote.txt","OK"
"inn","inn_2MEN510171_2026_V_chromote.txt","OK"
"inn","inn_2MKRLE17111_2025_H_chromote.txt","OK"
"inn","inn_2MKRLE17121_2025_H_chromote.txt","OK"
"inn","inn_2MKRLE17131_2025_H_chromote.txt","OK"
"inn","inn_2MKRLE17141_2025_H_chromote.txt","OK"
"inn","inn_2MKRLE17151_2026_V_chromote.txt","OK"
"inn","inn_2MKRLE17161_2026_V_chromote.txt","OK"
"inn","inn_2MKRLE17171_2026_V_chromote.txt","OK"
"inn","inn_2MKRLE510111_2025_H_chromote.txt","OK"
"inn","inn_2MKRLE510121_2025_H_chromote.txt","OK"
"inn","inn_2MKRLE510131_2025_H_chromote.txt","OK"
"inn","inn_2MKRLE510141_2025_H_chromote.txt","OK"
"inn","inn_2MKRLE510151_2026_V_chromote.txt","OK"
"inn","inn_2MKRLE510161_2026_V_chromote.txt","OK"
"inn","inn_2MKRLE510171_2026_V_chromote.txt","OK"
"inn","inn_2MKRO17111_2025_H_chromote.txt","OK"
"inn","inn_2MKRO17121_2025_H_chromote.txt","OK"
"inn","inn_2MKRO510111_2025_H_chromote.txt","OK"
"inn","inn_2MKRO510121_2025_H_chromote.txt","OK"
"inn","inn_2MKRO510131_2025_H_chromote.txt","OK"
"inn","inn_2MKRO510141_2025_H_chromote.txt","OK"
"inn","inn_2MKRO510151_2026_V_chromote.txt","OK"
"inn","inn_2MKRO510161_2026_V_chromote.txt","OK"
"inn","inn_2MKRO510171_2026_V_chromote.txt","OK"
"inn","inn_2MKRO510311_2025_H_chromote.txt","OK"
"inn","inn_2ML3021_2026_V_chromote.txt","OK"
"inn","inn_2ML31421_2026_V_chromote.txt","OK"
"inn","inn_2ML31521_2026_V_chromote.txt","OK"
"inn","inn_2ML3271_2026_V_chromote.txt","OK"
"inn","inn_2ML3421_2026_V_chromote.txt","OK"
"inn","inn_2ML3431_2026_V_chromote.txt","OK"
"inn","inn_2ML3511_2026_V_chromote.txt","Mangler hovedseksjoner"
"inn","inn_2ML3521_2026_V_chromote.txt","Mangler hovedseksjoner"
"inn","inn_2ML3531_2026_V_chromote.txt","OK"
"inn","inn_2ML3541_2026_V_chromote.txt","Mangler hovedseksjoner"
"inn","inn_2ML3551_2026_V_chromote.txt","OK"
"inn","inn_2MMA17111_2025_H_chromote.txt","OK"
"inn","inn_2MMA17121_2025_H_chromote.txt","OK"
"inn","inn_2MMA17131_2025_H_chromote.txt","OK"
"inn","inn_2MMA17141_2025_H_chromote.txt","OK"
"inn","inn_2MMA17151_2026_V_chromote.txt","OK"
"inn","inn_2MMA17161_2026_V_chromote.txt","OK"
"inn","inn_2MMA17171_2026_V_chromote.txt","OK"
"inn","inn_2MMA171S11_2026_V_chromote.txt","OK"
"inn","inn_2MMA171S21_2026_V_chromote.txt","OK"
"inn","inn_2MMA171V21_2026_V_chromote.txt","OK"
"inn","inn_2MMA510111_2025_H_chromote.txt","OK"
"inn","inn_2MMA510121_2025_H_chromote.txt","OK"
"inn","inn_2MMA510131_2025_H_chromote.txt","OK"
"inn","inn_2MMA510141_2025_H_chromote.txt","OK"
"inn","inn_2MMA510151_2026_V_chromote.txt","OK"
"inn","inn_2MMA510161_2026_V_chromote.txt","OK"
"inn","inn_2MMA510171_2026_V_chromote.txt","OK"
"inn","inn_2MMA5101S11_2025_H_chromote.txt","OK"
"inn","inn_2MMU17111_2025_H_chromote.txt","OK"
"inn","inn_2MMU17121_2025_H_chromote.txt","OK"
"inn","inn_2MMU17131_2025_H_chromote.txt","OK"
"inn","inn_2MMU17141_2025_H_chromote.txt","OK"
"inn","inn_2MMU17151_2026_V_chromote.txt","OK"
"inn","inn_2MMU17161_2026_V_chromote.txt","OK"
"inn","inn_2MMU17171_2026_V_chromote.txt","OK"
"inn","inn_2MMU510111_2025_H_chromote.txt","OK"
"inn","inn_2MMU510121_2025_H_chromote.txt","OK"
"inn","inn_2MMU510131_2025_H_chromote.txt","OK"
"inn","inn_2MMU510141_2025_H_chromote.txt","OK"
"inn","inn_2MMU510151_2026_V_chromote.txt","OK"
"inn","inn_2MMU510161_2026_V_chromote.txt","OK"
"inn","inn_2MMU510171_2026_V_chromote.txt","OK"
"inn","inn_2MNF17111_2025_H_chromote.txt","OK"
"inn","inn_2MNF17121_2025_H_chromote.txt","OK"
"inn","inn_2MNF17131_2025_H_chromote.txt","OK"
"inn","inn_2MNF17141_2025_H_chromote.txt","OK"
"inn","inn_2MNF17151_2026_V_chromote.txt","OK"
"inn","inn_2MNF17161_2026_V_chromote.txt","OK"
"inn","inn_2MNF17171_2026_V_chromote.txt","OK"
"inn","inn_2MNF171S11_2025_H_chromote.txt","OK"
"inn","inn_2MNF171S21_2025_H_chromote.txt","OK"
"inn","inn_2MNF510111_2025_H_chromote.txt","OK"
"inn","inn_2MNF510121_2025_H_chromote.txt","OK"
"inn","inn_2MNF510131_2026_V_chromote.txt","OK"
"inn","inn_2MNF510141_2025_H_chromote.txt","OK"
"inn","inn_2MNF510151_2026_V_chromote.txt","OK"
"inn","inn_2MNF510161_2026_V_chromote.txt","OK"
"inn","inn_2MNF510171_2026_V_chromote.txt","OK"
"inn","inn_2MNK17131_2025_H_chromote.txt","OK"
"inn","inn_2MNK17141_2025_H_chromote.txt","OK"
"inn","inn_2MNK17151_2026_V_chromote.txt","OK"
"inn","inn_2MNK17161_2025_H_chromote.txt","OK"
"inn","inn_2MNK17171_2025_H_chromote.txt","OK"
"inn","inn_2MNK17211_2025_H_chromote.txt","OK"
"inn","inn_2MNK17221_2025_H_chromote.txt","OK"
"inn","inn_2MNK172S11_2025_H_chromote.txt","OK"
"inn","inn_2MNK172S21_2025_H_chromote.txt","OK"
"inn","inn_2MNK510111_2025_H_chromote.txt","OK"
"inn","inn_2MNK510121_2025_H_chromote.txt","OK"
"inn","inn_2MNK510131_2025_H_chromote.txt","OK"
"inn","inn_2MNK510141_2025_H_chromote.txt","OK"
"inn","inn_2MNK510151_2026_V_chromote.txt","OK"
"inn","inn_2MNK510161_2026_V_chromote.txt","OK"
"inn","inn_2MNK510171_2026_V_chromote.txt","OK"
"inn","inn_2MNK5101S11_2025_H_chromote.txt","OK"
"inn","inn_2MNL3011_2026_V_chromote.txt","OK"
"inn","inn_2MPED11_2025_H_chromote.txt","OK"
"inn","inn_2MPED21_2025_H_chromote.txt","OK"
"inn","inn_2MPED31_2026_V_chromote.txt","OK"
"inn","inn_2MPEL17111_2025_H_chromote.txt","OK"
"inn","inn_2MPEL17121_2025_H_chromote.txt","OK"
"inn","inn_2MPEL17131_2026_V_chromote.txt","OK"
"inn","inn_2MPEL17141_2026_V_chromote.txt","OK"
"inn","inn_2MPEL171S11_2025_H_chromote.txt","OK"
"inn","inn_2MPEL171S21_2025_H_chromote.txt","OK"
"inn","inn_2MPEL171S31_2026_V_chromote.txt","OK"
"inn","inn_2MPEL171S41_2026_V_chromote.txt","OK"
"inn","inn_2MPEL510111_2025_H_chromote.txt","OK"
"inn","inn_2MPEL510121_2025_H_chromote.txt","OK"
"inn","inn_2MPEL510131_2026_V_chromote.txt","OK"
"inn","inn_2MPEL510141_2026_V_chromote.txt","OK"
"inn","inn_2MPEL5101S11_2025_H_chromote.txt","OK"
"inn","inn_2MPRA17111_2025_H_chromote.txt","OK"
"inn","inn_2MPRA17121_2025_H_chromote.txt","OK"
"inn","inn_2MPRA17131_2025_H_chromote.txt","OK"
"inn","inn_2MPRA17141_2025_H_chromote.txt","OK"
"inn","inn_2MPRA17151_2025_H_chromote.txt","OK"
"inn","inn_2MPRA171S11_2025_H_chromote.txt","OK"
"inn","inn_2MPRA171S21_2025_H_chromote.txt","OK"
"inn","inn_2MPRA171S31_2025_H_chromote.txt","OK"
"inn","inn_2MPRA171S41_2025_H_chromote.txt","OK"
"inn","inn_2MPRA171S51_2025_H_chromote.txt","OK"
"inn","inn_2MPRA510111_2025_H_chromote.txt","OK"
"inn","inn_2MPRA510121_2025_H_chromote.txt","OK"
"inn","inn_2MPRA510131_2025_H_chromote.txt","OK"
"inn","inn_2MPRA510141_2025_H_chromote.txt","OK"
"inn","inn_2MPRA510151_2025_H_chromote.txt","OK"
"inn","inn_2MPRA5101S11_2025_H_chromote.txt","OK"
"inn","inn_2MSF17111_2025_H_chromote.txt","OK"
"inn","inn_2MSF17121_2025_H_chromote.txt","OK"
"inn","inn_2MSF171S11_2025_H_chromote.txt","OK"
"inn","inn_2MSF171S21_2025_H_chromote.txt","OK"
"inn","inn_2MSF510111_2025_H_chromote.txt","OK"
"inn","inn_2MSF510121_2025_H_chromote.txt","OK"
"inn","inn_2MSF510131_2025_H_chromote.txt","OK"
"inn","inn_2MSF510141_2025_H_chromote.txt","OK"
"inn","inn_2MSF510151_2026_V_chromote.txt","OK"
"inn","inn_2MSF510161_2026_V_chromote.txt","OK"
"inn","inn_2MSF510171_2026_V_chromote.txt","OK"
"inn","inn_2MSF510311_2025_H_chromote.txt","OK"
"inn","inn_2NOL5111_2025_H_chromote.txt","OK"
"inn","inn_2NOL5121_2025_H_chromote.txt","OK"
"inn","inn_2NOL51311_2025_H_chromote.txt","OK"
"inn","inn_2NOL51411_2025_H_chromote.txt","OK"
"inn","inn_2NOL5151_2025_H_chromote.txt","OK"
"inn","inn_2NOL5161_2025_H_chromote.txt","OK"
"inn","inn_2NOLBA1_2025_H_chromote.txt","OK"
"inn","inn_2PEDL51121_2025_H_chromote.txt","OK"
"inn","inn_2PEDL51221_2026_V_chromote.txt","OK"
"inn","inn_2PRALU2121_2026_V_chromote.txt","OK"
"inn","inn_2PRALU2221_2026_V_chromote.txt","OK"
"inn","inn_2PRALU2321_2026_V_chromote.txt","OK"
"inn","inn_2PRALU2421_2025_H_chromote.txt","OK"
"inn","inn_2PRALU251_2025_H_chromote.txt","OK"
"inn","inn_2SALGL111_2026_V_chromote.txt","OK"
"inn","inn_2SALGL121_2026_V_chromote.txt","OK"
"inn","inn_2SFL5111_2026_V_chromote.txt","OK"
"inn","inn_2SFL5121_2026_V_chromote.txt","OK"
"inn","inn_2SFL5131_2026_V_chromote.txt","OK"
"inn","inn_2SFL5141_2026_V_chromote.txt","OK"
"inn","inn_2SFLD511_2026_V_chromote.txt","OK"
"inn","inn_KROI10011_2026_V_chromote.txt","OK"
"inn","inn_KROI10021_2026_V_chromote.txt","OK"
"inn","inn_KROI10031_2026_V_chromote.txt","OK"
"inn","inn_KROI10041_2026_V_chromote.txt","OK"
"inn","inn_KROI10051_2026_V_chromote.txt","OK"
"inn","inn_KROI10061_2026_V_chromote.txt","OK"
"inn","inn_KROI20011_2025_H_chromote.txt","OK"
"inn","inn_KROI20021_2025_H_chromote.txt","OK"
"inn","inn_KROI21011_2025_H_chromote.txt","OK"
"inn","inn_MUS10001_2025_H_chromote.txt","OK"
"inn","inn_MUS10011_2025_H_chromote.txt","OK"
"inn","inn_MUS10021_2026_V_chromote.txt","OK"
"inn","inn_MUS10031_2026_V_chromote.txt","OK"
"inn","inn_MUS10041_2026_V_chromote.txt","OK"
"inn","inn_MUS10051_2025_H_chromote.txt","OK"
"inn","inn_MUS10061_2026_V_chromote.txt","OK"
"inn","inn_MUS10071_2026_V_chromote.txt","OK"
"inn","inn_MUS10081_2026_V_chromote.txt","OK"
"inn","inn_MUS10091_2026_V_chromote.txt","OK"
"inn","inn_MUS10101_2025_H_chromote.txt","OK"
"inn","inn_MUS20011_2025_H_chromote.txt","OK"
"inn","inn_MUS20021_2025_H_chromote.txt","OK"
"inn","inn_MUS40001_2025_H_chromote.txt","OK"
"inn","inn_MUS40011_2025_H_chromote.txt","OK"
"inn","inn_MUSPRA11_2026_V_chromote.txt","OK"
"inn","inn_MUSPRA21_2026_V_chromote.txt","OK"
"inn","inn_MUSPRA31_2025_H_chromote.txt","OK"
"inn","inn_SPF40101_2025_H_chromote.txt","Mangler hovedseksjoner"
"mf","mf_AVH50551___chromote.txt","OK"
"mf","mf_BAO27051___chromote.txt","OK"
"mf","mf_MET50101___chromote.txt","OK"
"mf","mf_PED10101___chromote.txt","OK"
"mf","mf_PED56101___chromote.txt","OK"
"mf","mf_PPU10101___chromote.txt","OK"
"mf","mf_PPU10151___chromote.txt","OK"
"mf","mf_PPU10201___chromote.txt","OK"
"mf","mf_PRA10011___chromote.txt","OK"
"mf","mf_PRA10021___chromote.txt","OK"
"mf","mf_PRA10041___chromote.txt","OK"
"mf","mf_PRA10051___chromote.txt","OK"
"mf","mf_RL10131___chromote.txt","OK"
"mf","mf_RL10141___chromote.txt","OK"
"mf","mf_RL10161___chromote.txt","OK"
"mf","mf_RL20301___chromote.txt","OK"
"mf","mf_RL50651___chromote.txt","OK"
"mf","mf_RL50751___chromote.txt","OK"
"mf","mf_SAM1000L1___chromote.txt","OK"
"mf","mf_SAM1040L1___chromote.txt","OK"
"mf","mf_SAM10501___chromote.txt","OK"
"mf","mf_SAM1080L1___chromote.txt","OK"
"mf","mf_SAM2080L1___chromote.txt","OK"
"nih","nih_LKI1001_2025_H_chromote.txt","OK"
"nih","nih_LKI1061_2026_V_chromote.txt","OK"
"nih","nih_LKI1101_2025_H_chromote.txt","OK"
"nih","nih_LKI1251_2026_V_chromote.txt","OK"
"nih","nih_LKI2201_2026_V_chromote.txt","OK"
"nih","nih_LKI2361_2026_V_chromote.txt","OK"
"nih","nih_LKI4001_2025_H_chromote.txt","OK"
"nih","nih_LKI4101_2025_H_chromote.txt","OK"
"nih","nih_LKI4301_2025_H_chromote.txt","OK"
"nih","nih_LKI5001_2025_H_chromote.txt","OK"
"nih","nih_LKI5101_2025_H_chromote.txt","OK"
"nih","nih_LKI5201_2025_H_chromote.txt","OK"
"nih","nih_LKI5301_2025_H_chromote.txt","OK"
"nla","nla_4MGL1BEG3011_2025_H_chromote.txt","OK"
"nla","nla_4MGL1BEG3021_2025_H_chromote.txt","OK"
"nla","nla_4MGL1BEGM1_2025_H_chromote.txt","OK"
"nla","nla_4MGL1KRLE3011_2025_H_chromote.txt","OK"
"nla","nla_4MGL1KRLEM1_2025_H_chromote.txt","OK"
"nla","nla_4MGL1NO3011_2025_H_chromote.txt","OK"
"nla","nla_4MGL1PE2011_2025_H_chromote.txt","OK"
"nla","nla_4MGL1PE2021_2025_H_chromote.txt","OK"
"nla","nla_4MGL1PROPM1_2025_H_chromote.txt","OK"
"nla","nla_4MGL1VIT3011_2025_H_chromote.txt","OK"
"nla","nla_4MGL5KRLE3011_2025_H_chromote.txt","OK"
"nla","nla_4MGL5KRLEM1_2025_H_chromote.txt","OK"
"nla","nla_4MGL5MA1011_2025_H_chromote.txt","OK"
"nla","nla_4MGL5MA1021_2025_H_chromote.txt","OK"
"nla","nla_4MGL5MA1031_2025_H_chromote.txt","OK"
"nla","nla_4MGL5MA2011_2025_H_chromote.txt","OK"
"nla","nla_4MGL5MA2021_2025_H_chromote.txt","OK"
"nla","nla_4MGL5MA3011_2025_H_chromote.txt","OK"
"nla","nla_4MGL5MA3021_2025_H_chromote.txt","OK"
"nla","nla_4MGL5MATM1_2025_H_chromote.txt","OK"
"nla","nla_4MGL5PE2011_2025_H_chromote.txt","OK"
"nla","nla_4MGL5PE2021_2025_H_chromote.txt","OK"
"nla","nla_4MGL5SA3011_2025_H_chromote.txt","OK"
"nla","nla_4MGL5SA3021_2025_H_chromote.txt","OK"
"nla","nla_4MGL5SAM1_2025_H_chromote.txt","OK"
"nla","nla_4MGL5VIT3011_2025_H_chromote.txt","OK"
"nla","nla_MGL1KH101A1_2025_H_chromote.txt","OK"
"nla","nla_MGL1KH101B1_2025_H_chromote.txt","OK"
"nla","nla_MGL1KRLEM1_2025_H_chromote.txt","OK"
"nla","nla_MGL1MU101A1_2025_H_chromote.txt","OK"
"nla","nla_MGL1MU101B1_2025_H_chromote.txt","OK"
"nla","nla_MGL1NO3011_2025_H_chromote.txt","OK"
"nla","nla_MGL1NOM1_2025_H_chromote.txt","OK"
"nla","nla_MGL1PE2011_2025_H_chromote.txt","OK"
"nla","nla_MGL1PE2021_2025_H_chromote.txt","OK"
"nla","nla_MGL1PROPM1_2025_H_chromote.txt","OK"
"nla","nla_MGL1VIT3011_2025_H_chromote.txt","OK"
"nla","nla_MGL5KH101A1_2025_H_chromote.txt","OK"
"nla","nla_MGL5KH101B1_2025_H_chromote.txt","OK"
"nla","nla_MGL5KRLEM1_2025_H_chromote.txt","OK"
"nla","nla_MGL5MA3011_2025_H_chromote.txt","OK"
"nla","nla_MGL5MA3021_2025_H_chromote.txt","OK"
"nla","nla_MGL5MATM1_2025_H_chromote.txt","OK"
"nla","nla_MGL5MU101A1_2025_H_chromote.txt","OK"
"nla","nla_MGL5MU101B1_2025_H_chromote.txt","OK"
"nla","nla_MGL5PE2011_2025_H_chromote.txt","OK"
"nla","nla_MGL5PE2021_2025_H_chromote.txt","OK"
"nla","nla_MGL5PROPM1_2025_H_chromote.txt","OK"
"nla","nla_MGL5SA3011_2025_H_chromote.txt","OK"
"nla","nla_MGL5SA3021_2025_H_chromote.txt","OK"
"nla","nla_MGL5SAM1_2025_H_chromote.txt","OK"
"nla","nla_MGL5VIT3011_2025_H_chromote.txt","OK"
"nmbu","nmbu_FYS1001___chromote.txt","OK"
"nmbu","nmbu_M30LUN1___chromote.txt","OK"
"nmbu","nmbu_M60LUN1___chromote.txt","OK"
"nmbu","nmbu_MATH1001___chromote.txt","OK"
"nmbu","nmbu_PPFD3011___chromote.txt","OK"
"nmbu","nmbu_PPFO3011___chromote.txt","OK"
"nmbu","nmbu_PPPE3011___chromote.txt","OK"
"nmbu","nmbu_PPRA2011___chromote.txt","OK"
"nmbu","nmbu_PPRA3011___chromote.txt","OK"
"nmbu","nmbu_PPUT3011___chromote.txt","OK"
"nmbu","nmbu_PPXP1001___chromote.txt","OK"
"nord","nord_ENG10011___chromote.txt","OK"
"nord","nord_ENG10021___chromote.txt","OK"
"nord","nord_ENG10031___chromote.txt","OK"
"nord","nord_ENG10041___chromote.txt","OK"
"nord","nord_ENG10111___chromote.txt","OK"
"nord","nord_ENG10121___chromote.txt","OK"
"nord","nord_ENG10141___chromote.txt","OK"
"nord","nord_ENG20011___chromote.txt","OK"
"nord","nord_ENG20021___chromote.txt","OK"
"nord","nord_ENG20101___chromote.txt","OK"
"nord","nord_ENG50011___chromote.txt","OK"
"nord","nord_ENG50031___chromote.txt","OK"
"nord","nord_ENG50041___chromote.txt","OK"
"nord","nord_EXF10501___chromote.txt","OK"
"nord","nord_FIL10501___chromote.txt","OK"
"nord","nord_FOU10011___chromote.txt","OK"
"nord","nord_HI109LS1___chromote.txt","OK"
"nord","nord_HI124LS1___chromote.txt","OK"
"nord","nord_HI212LS1___chromote.txt","OK"
"nord","nord_HI310LS1___chromote.txt","OK"
"nord","nord_HI315LS1___chromote.txt","OK"
"nord","nord_HI330LS1___chromote.txt","OK"
"nord","nord_HIS10501___chromote.txt","OK"
"nord","nord_HIS10521___chromote.txt","OK"
"nord","nord_HIS10531___chromote.txt","OK"
"nord","nord_HIS10541___chromote.txt","OK"
"nord","nord_HIS10551___chromote.txt","OK"
"nord","nord_IN107LS1___chromote.txt","OK"
"nord","nord_KHV10031___chromote.txt","Mangler hovedseksjoner"
"nord","nord_KHV10041___chromote.txt","OK"
"nord","nord_KHV10071___chromote.txt","Mangler hovedseksjoner"
"nord","nord_KHV10081___chromote.txt","Mangler hovedseksjoner"
"nord","nord_KHV10091___chromote.txt","Mangler hovedseksjoner"
"nord","nord_KHV10101___chromote.txt","OK"
"nord","nord_KHV10111___chromote.txt","Mangler hovedseksjoner"
"nord","nord_KHV10121___chromote.txt","Mangler hovedseksjoner"
"nord","nord_KHV10131___chromote.txt","Mangler hovedseksjoner"
"nord","nord_KHV10161___chromote.txt","OK"
"nord","nord_KRO10011___chromote.txt","OK"
"nord","nord_KRO10021___chromote.txt","OK"
"nord","nord_KRO10031___chromote.txt","OK"
"nord","nord_KRO10041___chromote.txt","OK"
"nord","nord_KRO10051___chromote.txt","OK"
"nord","nord_KRO10061___chromote.txt","OK"
"nord","nord_KRO10071___chromote.txt","OK"
"nord","nord_KRO10081___chromote.txt","OK"
"nord","nord_KRO10091___chromote.txt","OK"
"nord","nord_KRO10101___chromote.txt","OK"
"nord","nord_KRO10111___chromote.txt","OK"
"nord","nord_KRO10121___chromote.txt","OK"
"nord","nord_KRO10131___chromote.txt","OK"
"nord","nord_KRO10141___chromote.txt","OK"
"nord","nord_KRO20011___chromote.txt","OK"
"nord","nord_KRO20021___chromote.txt","OK"
"nord","nord_KRO20031___chromote.txt","OK"
"nord","nord_KRO20041___chromote.txt","OK"
"nord","nord_KRO20051___chromote.txt","Mangler hovedseksjoner"
"nord","nord_KRO20061___chromote.txt","OK"
"nord","nord_KRO50011___chromote.txt","OK"
"nord","nord_KRO50021___chromote.txt","OK"
"nord","nord_KRO50031___chromote.txt","Mangler hovedseksjoner"
"nord","nord_KRO50071___chromote.txt","Mangler hovedseksjoner"
"nord","nord_MAT10021___chromote.txt","OK"
"nord","nord_MAT10031___chromote.txt","OK"
"nord","nord_MAT10041___chromote.txt","OK"
"nord","nord_MAT10051___chromote.txt","OK"
"nord","nord_MAT10061___chromote.txt","OK"
"nord","nord_MAT10071___chromote.txt","OK"
"nord","nord_MAT10081___chromote.txt","OK"
"nord","nord_MAT10091___chromote.txt","OK"
"nord","nord_MAT10151___chromote.txt","OK"
"nord","nord_MAT10161___chromote.txt","OK"
"nord","nord_MAT20011___chromote.txt","OK"
"nord","nord_MAT20021___chromote.txt","OK"
"nord","nord_MAT20031___chromote.txt","OK"
"nord","nord_MAT20041___chromote.txt","OK"
"nord","nord_MAT20051___chromote.txt","OK"
"nord","nord_MAT20061___chromote.txt","OK"
"nord","nord_MAT50011___chromote.txt","OK"
"nord","nord_MAT50021___chromote.txt","OK"
"nord","nord_MAT50031___chromote.txt","OK"
"nord","nord_MAT50041___chromote.txt","OK"
"nord","nord_MAT50051___chromote.txt","OK"
"nord","nord_MAT50061___chromote.txt","OK"
"nord","nord_MAT50071___chromote.txt","OK"
"nord","nord_MOH10051___chromote.txt","OK"
"nord","nord_MOH10061___chromote.txt","OK"
"nord","nord_MUS10011___chromote.txt","OK"
"nord","nord_MUS10021___chromote.txt","OK"
"nord","nord_MUS10031___chromote.txt","OK"
"nord","nord_MUS10041___chromote.txt","OK"
"nord","nord_MUS10471___chromote.txt","OK"
"nord","nord_MUS10481___chromote.txt","OK"
"nord","nord_MUS10501___chromote.txt","OK"
"nord","nord_MUS10511___chromote.txt","OK"
"nord","nord_MUS10521___chromote.txt","OK"
"nord","nord_MUS10531___chromote.txt","OK"
"nord","nord_MUS10541___chromote.txt","OK"
"nord","nord_MUS10551___chromote.txt","OK"
"nord","nord_MUS10561___chromote.txt","OK"
"nord","nord_MUS10571___chromote.txt","OK"
"nord","nord_MUS10581___chromote.txt","OK"
"nord","nord_MUS10601___chromote.txt","OK"
"nord","nord_MUS10611___chromote.txt","OK"
"nord","nord_MUS10631___chromote.txt","OK"
"nord","nord_MUS10741___chromote.txt","OK"
"nord","nord_MUS10751___chromote.txt","OK"
"nord","nord_MUS10761___chromote.txt","Mangler hovedseksjoner"
"nord","nord_MUS10771___chromote.txt","OK"
"nord","nord_MUS10781___chromote.txt","OK"
"nord","nord_MUS10811___chromote.txt","OK"
"nord","nord_MUS10831___chromote.txt","OK"
"nord","nord_MUS10851___chromote.txt","OK"
"nord","nord_MUS10871___chromote.txt","OK"
"nord","nord_MUS20031___chromote.txt","OK"
"nord","nord_MUS20041___chromote.txt","OK"
"nord","nord_MUS20121___chromote.txt","OK"
"nord","nord_MUS20151___chromote.txt","OK"
"nord","nord_MUS20161___chromote.txt","OK"
"nord","nord_MUS20171___chromote.txt","OK"
"nord","nord_MUS20211___chromote.txt","OK"
"nord","nord_MUS20221___chromote.txt","OK"
"nord","nord_MUS50041___chromote.txt","OK"
"nord","nord_MUS50051___chromote.txt","OK"
"nord","nord_MUS50061___chromote.txt","OK"
"nord","nord_MUS50071___chromote.txt","OK"
"nord","nord_MUS50151___chromote.txt","OK"
"nord","nord_MUS50161___chromote.txt","OK"
"nord","nord_MUS50171___chromote.txt","OK"
"nord","nord_MUS50291___chromote.txt","OK"
"nord","nord_MUS50301___chromote.txt","OK"
"nord","nord_NAT10051___chromote.txt","OK"
"nord","nord_NAT10061___chromote.txt","OK"
"nord","nord_NAT10071___chromote.txt","OK"
"nord","nord_NAT10081___chromote.txt","OK"
"nord","nord_NAT10091___chromote.txt","OK"
"nord","nord_NAT10101___chromote.txt","OK"
"nord","nord_NAT20051___chromote.txt","OK"
"nord","nord_NAT20061___chromote.txt","OK"
"nord","nord_NAT20071___chromote.txt","OK"
"nord","nord_NAT20081___chromote.txt","OK"
"nord","nord_NAT50011___chromote.txt","OK"
"nord","nord_NAT50021___chromote.txt","OK"
"nord","nord_NAT50031___chromote.txt","OK"
"nord","nord_NAT50041___chromote.txt","OK"
"nord","nord_NAT50051___chromote.txt","OK"
"nord","nord_NAT50061___chromote.txt","OK"
"nord","nord_NOR10021___chromote.txt","OK"
"nord","nord_NOR10031___chromote.txt","OK"
"nord","nord_NOR10041___chromote.txt","OK"
"nord","nord_NOR10051___chromote.txt","OK"
"nord","nord_NOR10061___chromote.txt","OK"
"nord","nord_NOR10071___chromote.txt","OK"
"nord","nord_NOR10081___chromote.txt","OK"
"nord","nord_NOR10091___chromote.txt","OK"
"nord","nord_NOR20011___chromote.txt","OK"
"nord","nord_NOR20021___chromote.txt","OK"
"nord","nord_NOR20031___chromote.txt","OK"
"nord","nord_NOR20041___chromote.txt","OK"
"nord","nord_NOR20051___chromote.txt","OK"
"nord","nord_NOR20061___chromote.txt","OK"
"nord","nord_NOR50011___chromote.txt","OK"
"nord","nord_NOR50021___chromote.txt","OK"
"nord","nord_NOR50031___chromote.txt","OK"
"nord","nord_NOR50041___chromote.txt","OK"
"nord","nord_NOR50051___chromote.txt","OK"
"nord","nord_NOR50061___chromote.txt","OK"
"nord","nord_NOR50071___chromote.txt","OK"
"nord","nord_PED125L1___chromote.txt","OK"
"nord","nord_PED20011___chromote.txt","OK"
"nord","nord_PED20021___chromote.txt","OK"
"nord","nord_PED20031___chromote.txt","OK"
"nord","nord_PED50011___chromote.txt","OK"
"nord","nord_PED50021___chromote.txt","OK"
"nord","nord_PEL10011___chromote.txt","OK"
"nord","nord_PEL10021___chromote.txt","OK"
"nord","nord_PEL10031___chromote.txt","OK"
"nord","nord_PEL10041___chromote.txt","OK"
"nord","nord_PEL10051___chromote.txt","OK"
"nord","nord_PEL10061___chromote.txt","OK"
"nord","nord_PEL10071___chromote.txt","OK"
"nord","nord_PEL10081___chromote.txt","OK"
"nord","nord_PEL20011___chromote.txt","OK"
"nord","nord_PEL20021___chromote.txt","OK"
"nord","nord_PEL20031___chromote.txt","OK"
"nord","nord_PO111LS1___chromote.txt","OK"
"nord","nord_PO112LS1___chromote.txt","Mangler hovedseksjoner"
"nord","nord_PO114LS1___chromote.txt","OK"
"nord","nord_PO118LS1___chromote.txt","Mangler hovedseksjoner"
"nord","nord_PRA10011___chromote.txt","OK"
"nord","nord_PRA10021___chromote.txt","OK"
"nord","nord_PRA10031___chromote.txt","OK"
"nord","nord_PRA10041___chromote.txt","OK"
"nord","nord_PRA10171___chromote.txt","OK"
"nord","nord_PRA10331___chromote.txt","OK"
"nord","nord_PRA10351___chromote.txt","OK"
"nord","nord_PRA20011___chromote.txt","OK"
"nord","nord_PRA20021___chromote.txt","OK"
"nord","nord_PRA20031___chromote.txt","OK"
"nord","nord_PRA20521___chromote.txt","OK"
"nord","nord_PRA20531___chromote.txt","OK"
"nord","nord_PRA50011___chromote.txt","OK"
"nord","nord_PRA50021___chromote.txt","OK"
"nord","nord_PRA50031___chromote.txt","OK"
"nord","nord_PRA50041___chromote.txt","OK"
"nord","nord_REL10011___chromote.txt","OK"
"nord","nord_REL10021___chromote.txt","OK"
"nord","nord_REL10031___chromote.txt","OK"
"nord","nord_REL10041___chromote.txt","OK"
"nord","nord_REL10051___chromote.txt","OK"
"nord","nord_REL10061___chromote.txt","OK"
"nord","nord_SAM10011___chromote.txt","OK"
"nord","nord_SAM10021___chromote.txt","OK"
"nord","nord_SAM10061___chromote.txt","OK"
"nord","nord_SAM10071___chromote.txt","OK"
"nord","nord_SAM10141___chromote.txt","OK"
"nord","nord_SAM20011___chromote.txt","OK"
"nord","nord_SAM20021___chromote.txt","OK"
"nord","nord_SAM50011___chromote.txt","OK"
"nord","nord_SAM50021___chromote.txt","Mangler hovedseksjoner"
"nord","nord_SAM50031___chromote.txt","OK"
"nord","nord_SMI10031___chromote.txt","OK"
"nord","nord_SMI10041___chromote.txt","OK"
"nord","nord_SMI10091___chromote.txt","OK"
"nord","nord_SMI10101___chromote.txt","OK"
"nord","nord_SMI20011___chromote.txt","OK"
"nord","nord_SMI20021___chromote.txt","OK"
"nord","nord_SMI50011___chromote.txt","OK"
"nord","nord_SMI50021___chromote.txt","OK"
"nord","nord_SMI50031___chromote.txt","OK"
"nord","nord_SMI50041___chromote.txt","OK"
"nord","nord_SP155L1___chromote.txt","OK"
"nord","nord_SP156L1___chromote.txt","Mangler hovedseksjoner"
"nord","nord_SPD20011___chromote.txt","OK"
"nord","nord_SPD20021___chromote.txt","OK"
"nord","nord_SPD50011___chromote.txt","OK"
"nord","nord_SPD50021___chromote.txt","OK"
"nord","nord_STA10011___chromote.txt","Mangler hovedseksjoner"
"nord","nord_VIT50011___chromote.txt","OK"
"nord","nord_VIT50021___chromote.txt","OK"
"nord","nord_VIT50031___chromote.txt","OK"
"nord","nord_VIT50251___chromote.txt","OK"
"ntnu","ntnu_BI39601___chromote.txt","OK"
"ntnu","ntnu_ENG29001___chromote.txt","OK"
"ntnu","ntnu_ENG39011___chromote.txt","OK"
"ntnu","ntnu_FRA39011___chromote.txt","OK"
"ntnu","ntnu_FY39601___chromote.txt","OK"
"ntnu","ntnu_GEOG20161___chromote.txt","OK"
"ntnu","ntnu_GEOG30201___chromote.txt","OK"
"ntnu","ntnu_GEOG39011___chromote.txt","OK"
"ntnu","ntnu_HIST15151___chromote.txt","OK"
"ntnu","ntnu_HIST20451___chromote.txt","OK"
"ntnu","ntnu_HIST20551___chromote.txt","OK"
"ntnu","ntnu_HIST30501___chromote.txt","OK"
"ntnu","ntnu_HIST30511___chromote.txt","OK"
"ntnu","ntnu_IDRSA10101___chromote.txt","OK"
"ntnu","ntnu_IDRSA10121___chromote.txt","OK"
"ntnu","ntnu_IDRSA10131___chromote.txt","OK"
"ntnu","ntnu_IDRSA10151___chromote.txt","OK"
"ntnu","ntnu_IDRSA10181___chromote.txt","OK"
"ntnu","ntnu_IT10011___chromote.txt","OK"
"ntnu","ntnu_KJ39601___chromote.txt","OK"
"ntnu","ntnu_LKRO001EA___chromote.txt","OK"
"ntnu","ntnu_LR10001___chromote.txt","OK"
"ntnu","ntnu_LR20031___chromote.txt","OK"
"ntnu","ntnu_LR20041___chromote.txt","OK"
"ntnu","ntnu_MA20101___chromote.txt","OK"
"ntnu","ntnu_MA30601___chromote.txt","OK"
"ntnu","ntnu_MA30611___chromote.txt","OK"
"ntnu","ntnu_MGLU1101A___chromote.txt","OK"
"ntnu","ntnu_MGLU1103A___chromote.txt","OK"
"ntnu","ntnu_MGLU1105A___chromote.txt","OK"
"ntnu","ntnu_MGLU1106A___chromote.txt","OK"
"ntnu","ntnu_MGLU1107A___chromote.txt","OK"
"ntnu","ntnu_MGLU1108A___chromote.txt","OK"
"ntnu","ntnu_MGLU1109A___chromote.txt","OK"
"ntnu","ntnu_MGLU1111A___chromote.txt","OK"
"ntnu","ntnu_MGLU11131___chromote.txt","OK"
"ntnu","ntnu_MGLU11141___chromote.txt","OK"
"ntnu","ntnu_MGLU1120A___chromote.txt","OK"
"ntnu","ntnu_MGLU1501A___chromote.txt","OK"
"ntnu","ntnu_MGLU1502A___chromote.txt","OK"
"ntnu","ntnu_MGLU1503A___chromote.txt","OK"
"ntnu","ntnu_MGLU1505A___chromote.txt","OK"
"ntnu","ntnu_MGLU1506A___chromote.txt","OK"
"ntnu","ntnu_MGLU1507A___chromote.txt","OK"
"ntnu","ntnu_MGLU1508A___chromote.txt","OK"
"ntnu","ntnu_MGLU1509A___chromote.txt","OK"
"ntnu","ntnu_MGLU1511A___chromote.txt","OK"
"ntnu","ntnu_MGLU15131___chromote.txt","OK"
"ntnu","ntnu_MGLU15141___chromote.txt","OK"
"ntnu","ntnu_MGLU15151___chromote.txt","OK"
"ntnu","ntnu_MGLU1520A___chromote.txt","OK"
"ntnu","ntnu_MGLU19011___chromote.txt","OK"
"ntnu","ntnu_MGLU2101A___chromote.txt","OK"
"ntnu","ntnu_MGLU21031___chromote.txt","OK"
"ntnu","ntnu_MGLU2105A___chromote.txt","OK"
"ntnu","ntnu_MGLU2106A___chromote.txt","OK"
"ntnu","ntnu_MGLU2107A___chromote.txt","OK"
"ntnu","ntnu_MGLU2108A___chromote.txt","OK"
"ntnu","ntnu_MGLU2109A___chromote.txt","OK"
"ntnu","ntnu_MGLU2111A___chromote.txt","OK"
"ntnu","ntnu_MGLU2112A___chromote.txt","OK"
"ntnu","ntnu_MGLU21141___chromote.txt","OK"
"ntnu","ntnu_MGLU2120A___chromote.txt","OK"
"ntnu","ntnu_MGLU2503A___chromote.txt","OK"
"ntnu","ntnu_MGLU25041___chromote.txt","OK"
"ntnu","ntnu_MGLU2505A___chromote.txt","OK"
"ntnu","ntnu_MGLU2506A___chromote.txt","OK"
"ntnu","ntnu_MGLU2507A___chromote.txt","OK"
"ntnu","ntnu_MGLU2508A___chromote.txt","OK"
"ntnu","ntnu_MGLU2509A___chromote.txt","OK"
"ntnu","ntnu_MGLU2511A___chromote.txt","OK"
"ntnu","ntnu_MGLU2512A___chromote.txt","OK"
"ntnu","ntnu_MGLU25141___chromote.txt","OK"
"ntnu","ntnu_MGLU25151___chromote.txt","OK"
"ntnu","ntnu_MGLU25161___chromote.txt","OK"
"ntnu","ntnu_MGLU2520A___chromote.txt","OK"
"ntnu","ntnu_MGLU3101A___chromote.txt","OK"
"ntnu","ntnu_MGLU3102A___chromote.txt","OK"
"ntnu","ntnu_MGLU3105A___chromote.txt","OK"
"ntnu","ntnu_MGLU3106A___chromote.txt","OK"
"ntnu","ntnu_MGLU3107A___chromote.txt","OK"
"ntnu","ntnu_MGLU31081___chromote.txt","OK"
"ntnu","ntnu_MGLU3109A___chromote.txt","OK"
"ntnu","ntnu_MGLU3110A___chromote.txt","OK"
"ntnu","ntnu_MGLU3111A___chromote.txt","OK"
"ntnu","ntnu_MGLU3112A___chromote.txt","OK"
"ntnu","ntnu_MGLU3113A___chromote.txt","OK"
"ntnu","ntnu_MGLU3114A___chromote.txt","OK"
"ntnu","ntnu_MGLU3115A___chromote.txt","OK"
"ntnu","ntnu_MGLU31181___chromote.txt","OK"
"ntnu","ntnu_MGLU31191___chromote.txt","OK"
"ntnu","ntnu_MGLU3120A___chromote.txt","OK"
"ntnu","ntnu_MGLU31221___chromote.txt","OK"
"ntnu","ntnu_MGLU3201A___chromote.txt","OK"
"ntnu","ntnu_MGLU3202A___chromote.txt","OK"
"ntnu","ntnu_MGLU3505A___chromote.txt","OK"
"ntnu","ntnu_MGLU3506A___chromote.txt","OK"
"ntnu","ntnu_MGLU3507A___chromote.txt","OK"
"ntnu","ntnu_MGLU35081___chromote.txt","OK"
"ntnu","ntnu_MGLU3509A___chromote.txt","OK"
"ntnu","ntnu_MGLU3510A___chromote.txt","OK"
"ntnu","ntnu_MGLU3511A___chromote.txt","OK"
"ntnu","ntnu_MGLU3512A___chromote.txt","OK"
"ntnu","ntnu_MGLU3513A___chromote.txt","OK"
"ntnu","ntnu_MGLU3514A___chromote.txt","OK"
"ntnu","ntnu_MGLU3515A___chromote.txt","OK"
"ntnu","ntnu_MGLU3518A___chromote.txt","OK"
"ntnu","ntnu_MGLU3520A___chromote.txt","OK"
"ntnu","ntnu_MGLU35221___chromote.txt","OK"
"ntnu","ntnu_MGLU4101A___chromote.txt","OK"
"ntnu","ntnu_MGLU4103A___chromote.txt","OK"
"ntnu","ntnu_MGLU4104A___chromote.txt","OK"
"ntnu","ntnu_MGLU4106A___chromote.txt","OK"
"ntnu","ntnu_MGLU4109A___chromote.txt","OK"
"ntnu","ntnu_MGLU4110A___chromote.txt","OK"
"ntnu","ntnu_MGLU4111A___chromote.txt","OK"
"ntnu","ntnu_MGLU4114A___chromote.txt","OK"
"ntnu","ntnu_MGLU4115A___chromote.txt","OK"
"ntnu","ntnu_MGLU41161___chromote.txt","OK"
"ntnu","ntnu_MGLU4201A___chromote.txt","OK"
"ntnu","ntnu_MGLU4202A___chromote.txt","OK"
"ntnu","ntnu_MGLU4203A___chromote.txt","OK"
"ntnu","ntnu_MGLU42071___chromote.txt","OK"
"ntnu","ntnu_MGLU42091___chromote.txt","OK"
"ntnu","ntnu_MGLU42111___chromote.txt","OK"
"ntnu","ntnu_MGLU42121___chromote.txt","OK"
"ntnu","ntnu_MGLU42131___chromote.txt","OK"
"ntnu","ntnu_MGLU42151___chromote.txt","OK"
"ntnu","ntnu_MGLU42161___chromote.txt","OK"
"ntnu","ntnu_MGLU42201___chromote.txt","OK"
"ntnu","ntnu_MGLU42371___chromote.txt","OK"
"ntnu","ntnu_MGLU42381___chromote.txt","OK"
"ntnu","ntnu_MGLU4501A___chromote.txt","OK"
"ntnu","ntnu_MGLU45021___chromote.txt","OK"
"ntnu","ntnu_MGLU4503A___chromote.txt","OK"
"ntnu","ntnu_MGLU4506A___chromote.txt","OK"
"ntnu","ntnu_MGLU4509A___chromote.txt","OK"
"ntnu","ntnu_MGLU4510A___chromote.txt","OK"
"ntnu","ntnu_MGLU4511A___chromote.txt","OK"
"ntnu","ntnu_MGLU4514A___chromote.txt","OK"
"ntnu","ntnu_MGLU4515A___chromote.txt","OK"
"ntnu","ntnu_MGLU45161___chromote.txt","OK"
"ntnu","ntnu_MGLU5101A___chromote.txt","OK"
"ntnu","ntnu_MGLU5103A___chromote.txt","OK"
"ntnu","ntnu_MGLU5105A___chromote.txt","OK"
"ntnu","ntnu_MGLU5107A___chromote.txt","OK"
"ntnu","ntnu_MGLU51081___chromote.txt","OK"
"ntnu","ntnu_MGLU5120A___chromote.txt","OK"
"ntnu","ntnu_MGLU51221___chromote.txt","OK"
"ntnu","ntnu_MGLU5201A___chromote.txt","OK"
"ntnu","ntnu_MGLU5202A___chromote.txt","OK"
"ntnu","ntnu_MGLU5203A___chromote.txt","OK"
"ntnu","ntnu_MGLU5204A___chromote.txt","OK"
"ntnu","ntnu_MGLU5205A___chromote.txt","OK"
"ntnu","ntnu_MGLU5206A___chromote.txt","OK"
"ntnu","ntnu_MGLU5207A___chromote.txt","OK"
"ntnu","ntnu_MGLU5208A___chromote.txt","OK"
"ntnu","ntnu_MGLU5209A___chromote.txt","OK"
"ntnu","ntnu_MGLU5210A___chromote.txt","OK"
"ntnu","ntnu_MGLU5211A___chromote.txt","OK"
"ntnu","ntnu_MGLU5212A___chromote.txt","OK"
"ntnu","ntnu_MGLU5213A___chromote.txt","OK"
"ntnu","ntnu_MGLU5215A___chromote.txt","OK"
"ntnu","ntnu_MGLU52161___chromote.txt","OK"
"ntnu","ntnu_MGLU52171___chromote.txt","OK"
"ntnu","ntnu_MGLU52211___chromote.txt","OK"
"ntnu","ntnu_MGLU5223A___chromote.txt","OK"
"ntnu","ntnu_MGLU5224A___chromote.txt","OK"
"ntnu","ntnu_MGLU5227A___chromote.txt","OK"
"ntnu","ntnu_MGLU5228A___chromote.txt","OK"
"ntnu","ntnu_MGLU5229A___chromote.txt","OK"
"ntnu","ntnu_MGLU5230A___chromote.txt","OK"
"ntnu","ntnu_MGLU52311___chromote.txt","OK"
"ntnu","ntnu_MGLU52321___chromote.txt","OK"
"ntnu","ntnu_MGLU52331___chromote.txt","OK"
"ntnu","ntnu_MGLU52341___chromote.txt","OK"
"ntnu","ntnu_MGLU52361___chromote.txt","OK"
"ntnu","ntnu_MGLU52391___chromote.txt","OK"
"ntnu","ntnu_MGLU5501A___chromote.txt","OK"
"ntnu","ntnu_MGLU55021___chromote.txt","OK"
"ntnu","ntnu_MGLU5503A___chromote.txt","OK"
"ntnu","ntnu_MGLU55041___chromote.txt","OK"
"ntnu","ntnu_MGLU5505A___chromote.txt","OK"
"ntnu","ntnu_MGLU5507A___chromote.txt","OK"
"ntnu","ntnu_MGLU55081___chromote.txt","OK"
"ntnu","ntnu_MGLU5520A___chromote.txt","OK"
"ntnu","ntnu_MGLU55221___chromote.txt","OK"
"ntnu","ntnu_MT10011___chromote.txt","OK"
"ntnu","ntnu_NORD29011___chromote.txt","OK"
"ntnu","ntnu_NORD39011___chromote.txt","OK"
"ntnu","ntnu_PPU10001___chromote.txt","OK"
"ntnu","ntnu_PPU46021___chromote.txt","OK"
"ntnu","ntnu_PPU46031___chromote.txt","OK"
"ntnu","ntnu_PPU46111___chromote.txt","OK"
"ntnu","ntnu_PPU46121___chromote.txt","OK"
"ntnu","ntnu_PPU46131___chromote.txt","OK"
"ntnu","ntnu_PPU46141___chromote.txt","OK"
"ntnu","ntnu_PPU46201___chromote.txt","OK"
"ntnu","ntnu_PPU46211___chromote.txt","OK"
"ntnu","ntnu_PPU46221___chromote.txt","OK"
"ntnu","ntnu_PPU46231___chromote.txt","OK"
"ntnu","ntnu_PPU46241___chromote.txt","OK"
"ntnu","ntnu_PPU46251___chromote.txt","OK"
"ntnu","ntnu_PPU46261___chromote.txt","OK"
"ntnu","ntnu_PPU46271___chromote.txt","OK"
"ntnu","ntnu_PPU46281___chromote.txt","OK"
"ntnu","ntnu_PPU46291___chromote.txt","OK"
"ntnu","ntnu_PPU46401___chromote.txt","OK"
"ntnu","ntnu_PPU46411___chromote.txt","OK"
"ntnu","ntnu_PPU46421___chromote.txt","OK"
"ntnu","ntnu_PPU46431___chromote.txt","OK"
"ntnu","ntnu_PPU46441___chromote.txt","OK"
"ntnu","ntnu_PPU46451___chromote.txt","OK"
"ntnu","ntnu_PPU46501___chromote.txt","OK"
"ntnu","ntnu_PPU46511___chromote.txt","OK"
"ntnu","ntnu_PPU46521___chromote.txt","OK"
"ntnu","ntnu_PPU46531___chromote.txt","OK"
"ntnu","ntnu_PPU46541___chromote.txt","OK"
"ntnu","ntnu_PPU46551___chromote.txt","OK"
"ntnu","ntnu_PPU46561___chromote.txt","OK"
"ntnu","ntnu_PPU46571___chromote.txt","OK"
"ntnu","ntnu_PPU46581___chromote.txt","OK"
"ntnu","ntnu_PPU46591___chromote.txt","OK"
"ntnu","ntnu_PPU46801___chromote.txt","OK"
"ntnu","ntnu_PPU46811___chromote.txt","OK"
"ntnu","ntnu_PPU46841___chromote.txt","OK"
"ntnu","ntnu_PPU46851___chromote.txt","OK"
"ntnu","ntnu_RFEL30931___chromote.txt","OK"
"ntnu","ntnu_RFEL31001___chromote.txt","OK"
"ntnu","ntnu_SAM10201___chromote.txt","OK"
"ntnu","ntnu_SOS30051___chromote.txt","OK"
"ntnu","ntnu_TEGN10001___chromote.txt","OK"
"ntnu","ntnu_TEGN10011___chromote.txt","OK"
"ntnu","ntnu_TYSK39011___chromote.txt","OK"
"oslomet","oslomet_M1GBO51001_2025_H_chromote.txt","OK"
"oslomet","oslomet_M1GEN21001_2025_H_chromote.txt","OK"
"oslomet","oslomet_M1GEN22001_2025_H_chromote.txt","OK"
"oslomet","oslomet_M1GEN31001_2025_H_chromote.txt","OK"
"oslomet","oslomet_M1GKP21001_2025_H_chromote.txt","OK"
"oslomet","oslomet_M1GKP31001_2025_H_chromote.txt","OK"
"oslomet","oslomet_M1GMT11001_2025_H_chromote.txt","OK"
"oslomet","oslomet_M1GMT12001_2025_H_chromote.txt","OK"
"oslomet","oslomet_M1GMT31001_2025_H_chromote.txt","OK"
"oslomet","oslomet_M1GMU21001_2025_H_chromote.txt","OK"
"oslomet","oslomet_M1GMU22001_2025_H_chromote.txt","OK"
"oslomet","oslomet_M1GMU31001_2025_H_chromote.txt","OK"
"oslomet","oslomet_M1GNA21001_2025_H_chromote.txt","OK"
"oslomet","oslomet_M1GNA22001_2025_H_chromote.txt","OK"
"oslomet","oslomet_M1GNA31001_2025_H_chromote.txt","OK"
"oslomet","oslomet_M1GNO12001_2025_H_chromote.txt","OK"
"oslomet","oslomet_M1GNO21001_2025_H_chromote.txt","OK"
"oslomet","oslomet_M1GNO31001_2025_H_chromote.txt","OK"
"oslomet","oslomet_M1GP10001_2025_H_chromote.txt","OK"
"oslomet","oslomet_M1GP20001_2025_H_chromote.txt","OK"
"oslomet","oslomet_M1GP31001_2025_H_chromote.txt","OK"
"oslomet","oslomet_M1GP32001_2025_H_chromote.txt","OK"
"oslomet","oslomet_M1GP41001_2025_H_chromote.txt","OK"
"oslomet","oslomet_M1GP42001_2025_H_chromote.txt","OK"
"oslomet","oslomet_M1GPE11001_2025_H_chromote.txt","OK"
"oslomet","oslomet_M1GPE12001_2025_H_chromote.txt","OK"
"oslomet","oslomet_M1GPE21001_2025_H_chromote.txt","OK"
"oslomet","oslomet_M1GPE41001_2025_H_chromote.txt","OK"
"oslomet","oslomet_M1GPE51001_2025_H_chromote.txt","OK"
"oslomet","oslomet_M1GRL21001_2025_H_chromote.txt","OK"
"oslomet","oslomet_M1GRL22001_2025_H_chromote.txt","OK"
"oslomet","oslomet_M1GRL31001_2025_H_chromote.txt","OK"
"oslomet","oslomet_M1GSF21101_2025_H_chromote.txt","OK"
"oslomet","oslomet_M1GSF31001_2025_H_chromote.txt","OK"
"oslomet","oslomet_M1KP10001_2025_H_chromote.txt","OK"
"oslomet","oslomet_M1KP11001_2025_H_chromote.txt","OK"
"oslomet","oslomet_M1KP12001_2025_H_chromote.txt","OK"
"oslomet","oslomet_M1KP13001_2025_H_chromote.txt","OK"
"oslomet","oslomet_M1KP14001_2025_H_chromote.txt","OK"
"oslomet","oslomet_M1KP20011_2025_H_chromote.txt","OK"
"oslomet","oslomet_M1KP20021_2025_H_chromote.txt","OK"
"oslomet","oslomet_M1KP21001_2025_H_chromote.txt","OK"
"oslomet","oslomet_M1KP22001_2025_H_chromote.txt","OK"
"oslomet","oslomet_M1KP23001_2025_H_chromote.txt","OK"
"oslomet","oslomet_M1KP24001_2025_H_chromote.txt","OK"
"oslomet","oslomet_M1KP30011_2025_H_chromote.txt","OK"
"oslomet","oslomet_M1KP31001_2025_H_chromote.txt","OK"
"oslomet","oslomet_M5GEN11001_2025_H_chromote.txt","OK"
"oslomet","oslomet_M5GEN12001_2025_H_chromote.txt","OK"
"oslomet","oslomet_M5GEN13001_2025_H_chromote.txt","OK"
"oslomet","oslomet_M5GEN21001_2025_H_chromote.txt","OK"
"oslomet","oslomet_M5GEN31001_2025_H_chromote.txt","OK"
"oslomet","oslomet_M5GKP21001_2025_H_chromote.txt","OK"
"oslomet","oslomet_M5GKP31001_2025_H_chromote.txt","OK"
"oslomet","oslomet_M5GMT11001_2025_H_chromote.txt","OK"
"oslomet","oslomet_M5GMT12011_2025_H_chromote.txt","OK"
"oslomet","oslomet_M5GMT12021_2025_H_chromote.txt","OK"
"oslomet","oslomet_M5GMT13001_2025_H_chromote.txt","OK"
"oslomet","oslomet_M5GMT21001_2025_H_chromote.txt","OK"
"oslomet","oslomet_M5GMT21011_2025_H_chromote.txt","OK"
"oslomet","oslomet_M5GMT31001_2025_H_chromote.txt","OK"
"oslomet","oslomet_M5GMU21001_2025_H_chromote.txt","OK"
"oslomet","oslomet_M5GMU22001_2025_H_chromote.txt","OK"
"oslomet","oslomet_M5GMU31001_2025_H_chromote.txt","OK"
"oslomet","oslomet_M5GNA21001_2025_H_chromote.txt","OK"
"oslomet","oslomet_M5GNA22001_2025_H_chromote.txt","OK"
"oslomet","oslomet_M5GNA31001_2025_H_chromote.txt","OK"
"oslomet","oslomet_M5GNO12001_2025_H_chromote.txt","OK"
"oslomet","oslomet_M5GNO13001_2025_H_chromote.txt","OK"
"oslomet","oslomet_M5GNO21001_2025_H_chromote.txt","OK"
"oslomet","oslomet_M5GNO31001_2025_H_chromote.txt","OK"
"oslomet","oslomet_M5GPE21001_2025_H_chromote.txt","OK"
"oslomet","oslomet_M5GPE41001_2025_H_chromote.txt","OK"
"oslomet","oslomet_M5GPE51001_2025_H_chromote.txt","OK"
"oslomet","oslomet_M5GRL21001_2025_H_chromote.txt","OK"
"oslomet","oslomet_M5GRL22001_2025_H_chromote.txt","OK"
"oslomet","oslomet_M5GRL31001_2025_H_chromote.txt","OK"
"oslomet","oslomet_M5GSF21101_2025_H_chromote.txt","OK"
"oslomet","oslomet_M5GSF31001_2025_H_chromote.txt","OK"
"oslomet","oslomet_MAMUS40701_2025_H_chromote.txt","OK"
"oslomet","oslomet_MAMUS41001_2025_H_chromote.txt","OK"
"oslomet","oslomet_MAMUS42001_2025_H_chromote.txt","OK"
"oslomet","oslomet_MAMUS59001_2025_H_chromote.txt","OK"
"oslomet","oslomet_MFAGL40001_2025_H_chromote.txt","OK"
"oslomet","oslomet_MFAGL42001_2025_H_chromote.txt","OK"
"oslomet","oslomet_MFAGL50001_2025_H_chromote.txt","OK"
"oslomet","oslomet_MGEN41001_2025_H_chromote.txt","OK"
"oslomet","oslomet_MGEN51001_2025_H_chromote.txt","OK"
"oslomet","oslomet_MGKH21001_2025_H_chromote.txt","OK"
"oslomet","oslomet_MGKH31001_2025_H_chromote.txt","OK"
"oslomet","oslomet_MGKP41011_2025_H_chromote.txt","OK"
"oslomet","oslomet_MGKP42011_2025_H_chromote.txt","OK"
"oslomet","oslomet_MGKP51001_2025_H_chromote.txt","OK"
"oslomet","oslomet_MGMH21001_2025_H_chromote.txt","OK"
"oslomet","oslomet_MGMO59001_2025_H_chromote.txt","OK"
"oslomet","oslomet_MGMT42001_2025_H_chromote.txt","Mangler hovedseksjoner"
"oslomet","oslomet_MGMT51001_2025_H_chromote.txt","OK"
"oslomet","oslomet_MGMU41001_2025_H_chromote.txt","OK"
"oslomet","oslomet_MGMU42001_2025_H_chromote.txt","OK"
"oslomet","oslomet_MGMU51001_2025_H_chromote.txt","OK"
"oslomet","oslomet_MGNA41001_2025_H_chromote.txt","OK"
"oslomet","oslomet_MGNA42001_2025_H_chromote.txt","OK"
"oslomet","oslomet_MGNA51001_2025_H_chromote.txt","OK"
"oslomet","oslomet_MGNO41001_2025_H_chromote.txt","OK"
"oslomet","oslomet_MGNO42001_2025_H_chromote.txt","OK"
"oslomet","oslomet_MGNO51001_2025_H_chromote.txt","OK"
"oslomet","oslomet_MGNT31001_2025_H_chromote.txt","OK"
"oslomet","oslomet_MGNT32001_2025_H_chromote.txt","OK"
"oslomet","oslomet_MGNT41001_2025_H_chromote.txt","OK"
"oslomet","oslomet_MGNT42001_2025_H_chromote.txt","OK"
"oslomet","oslomet_MGNT51001_2025_H_chromote.txt","OK"
"oslomet","oslomet_MGPE31001_2025_H_chromote.txt","OK"
"oslomet","oslomet_MGPE32001_2025_H_chromote.txt","OK"
"oslomet","oslomet_MGPE33001_2025_H_chromote.txt","OK"
"oslomet","oslomet_MGPE51001_2025_H_chromote.txt","OK"
"oslomet","oslomet_MGPE52001_2025_H_chromote.txt","OK"
"oslomet","oslomet_MGPE53001_2025_H_chromote.txt","OK"
"oslomet","oslomet_MGRL41001_2025_H_chromote.txt","OK"
"oslomet","oslomet_MGRL42001_2025_H_chromote.txt","OK"
"oslomet","oslomet_MGRL51001_2025_H_chromote.txt","OK"
"oslomet","oslomet_MGSF41001_2025_H_chromote.txt","OK"
"oslomet","oslomet_MGSF42001_2025_H_chromote.txt","OK"
"oslomet","oslomet_MGSF51001_2025_H_chromote.txt","OK"
"oslomet","oslomet_MGSU30001_2025_H_chromote.txt","OK"
"oslomet","oslomet_MGVM41001_2025_H_chromote.txt","OK"
"oslomet","oslomet_MLEST12101_2025_H_chromote.txt","OK"
"oslomet","oslomet_MLEST13001_2025_H_chromote.txt","OK"
"oslomet","oslomet_MLEST14001_2025_H_chromote.txt","OK"
"oslomet","oslomet_MLEST21001_2025_H_chromote.txt","OK"
"oslomet","oslomet_MLEST22001_2025_H_chromote.txt","OK"
"oslomet","oslomet_MLEST23001_2025_H_chromote.txt","OK"
"oslomet","oslomet_MLEST24001_2025_H_chromote.txt","OK"
"oslomet","oslomet_MLEST31101_2025_H_chromote.txt","OK"
"oslomet","oslomet_MLEST32101_2025_H_chromote.txt","OK"
"uia","uia_EN1541_2026_V_chromote.txt","OK"
"uia","uia_EN1551_2026_V_chromote.txt","OK"
"uia","uia_EN1561_2026_V_chromote.txt","OK"
"uia","uia_EN1571_2026_V_chromote.txt","OK"
"uia","uia_EN1581_2026_V_chromote.txt","OK"
"uia","uia_EN4381_2026_V_chromote.txt","OK"
"uia","uia_EN4451_2026_V_chromote.txt","OK"
"uia","uia_EN5031_2026_V_chromote.txt","OK"
"uia","uia_ERN1341_2026_V_chromote.txt","OK"
"uia","uia_ERN2071_2026_V_chromote.txt","OK"
"uia","uia_ERN2081_2026_V_chromote.txt","OK"
"uia","uia_ERN2091_2026_V_chromote.txt","OK"
"uia","uia_ERN2101_2026_V_chromote.txt","OK"
"uia","uia_ERN4011_2026_V_chromote.txt","OK"
"uia","uia_ERN4051_2026_V_chromote.txt","OK"
"uia","uia_ERN5001_2026_V_chromote.txt","OK"
"uia","uia_ERN5031_2026_V_chromote.txt","OK"
"uia","uia_FR1301_2026_V_chromote.txt","OK"
"uia","uia_FR4001_2026_V_chromote.txt","OK"
"uia","uia_HI4131_2026_V_chromote.txt","OK"
"uia","uia_IDR1351_2026_V_chromote.txt","OK"
"uia","uia_IDR2071_2026_V_chromote.txt","OK"
"uia","uia_IDR2081_2026_V_chromote.txt","OK"
"uia","uia_IDR4181_2026_V_chromote.txt","OK"
"uia","uia_IDR4211_2026_V_chromote.txt","OK"
"uia","uia_IDR4221_2026_V_chromote.txt","OK"
"uia","uia_IDR5091_2026_V_chromote.txt","OK"
"uia","uia_IDR5111_2026_V_chromote.txt","OK"
"uia","uia_IS2151_2026_V_chromote.txt","OK"
"uia","uia_KH1371_2026_V_chromote.txt","OK"
"uia","uia_KH1381_2026_V_chromote.txt","OK"
"uia","uia_KH2091_2026_V_chromote.txt","OK"
"uia","uia_KH2101_2026_V_chromote.txt","OK"
"uia","uia_KH2141_2026_V_chromote.txt","OK"
"uia","uia_KH2151_2026_V_chromote.txt","OK"
"uia","uia_KH4031_2026_V_chromote.txt","OK"
"uia","uia_KH4051_2026_V_chromote.txt","OK"
"uia","uia_KH5011_2026_V_chromote.txt","OK"
"uia","uia_KH5031_2026_V_chromote.txt","OK"
"uia","uia_MA1731_2026_V_chromote.txt","OK"
"uia","uia_MA1891_2026_V_chromote.txt","OK"
"uia","uia_MA4231_2026_V_chromote.txt","OK"
"uia","uia_MA4421_2026_V_chromote.txt","OK"
"uia","uia_MA4461_2026_V_chromote.txt","OK"
"uia","uia_MA4571_2025_H_chromote.txt","OK"
"uia","uia_MA5041_2026_V_chromote.txt","OK"
"uia","uia_MA5061_2026_V_chromote.txt","OK"
"uia","uia_ME2021_2026_V_chromote.txt","OK"
"uia","uia_MU1551_2026_V_chromote.txt","OK"
"uia","uia_MU1561_2026_V_chromote.txt","OK"
"uia","uia_NAT1191_2025_H_chromote.txt","OK"
"uia","uia_NAT2001_2026_V_chromote.txt","OK"
"uia","uia_NAT2011_2026_V_chromote.txt","OK"
"uia","uia_NAT4031_2026_V_chromote.txt","OK"
"uia","uia_NO0091_2026_V_chromote.txt","OK"
"uia","uia_NO1551_2026_V_chromote.txt","OK"
"uia","uia_NO1581_2026_V_chromote.txt","OK"
"uia","uia_NO1701_2025_H_chromote.txt","OK"
"uia","uia_NO2171_2026_V_chromote.txt","OK"
"uia","uia_NO4061_2026_V_chromote.txt","OK"
"uia","uia_NO4111_2026_V_chromote.txt","OK"
"uia","uia_NO4151_2026_V_chromote.txt","OK"
"uia","uia_NO5031_2026_V_chromote.txt","OK"
"uia","uia_NO5041_2026_V_chromote.txt","OK"
"uia","uia_NO5081_2026_V_chromote.txt","OK"
"uia","uia_PED1591_2026_V_chromote.txt","OK"
"uia","uia_PED4201_2026_V_chromote.txt","OK"
"uia","uia_PED4261_2026_V_chromote.txt","OK"
"uia","uia_PED4281_2026_V_chromote.txt","OK"
"uia","uia_PED4301_2026_V_chromote.txt","OK"
"uia","uia_PED4311_2026_V_chromote.txt","OK"
"uia","uia_PED5321_2026_V_chromote.txt","OK"
"uia","uia_PED5371_2026_V_chromote.txt","OK"
"uia","uia_PRA0471_2026_V_chromote.txt","OK"
"uia","uia_PRA11021_2026_V_chromote.txt","OK"
"uia","uia_PRA12021_2026_V_chromote.txt","OK"
"uia","uia_PRA13021_2026_V_chromote.txt","OK"
"uia","uia_PRA21021_2026_V_chromote.txt","OK"
"uia","uia_PRA22021_2026_V_chromote.txt","OK"
"uia","uia_PRA23021_2026_V_chromote.txt","OK"
"uia","uia_REL1261_2026_V_chromote.txt","OK"
"uia","uia_REL1271_2026_V_chromote.txt","OK"
"uia","uia_REL1281_2026_V_chromote.txt","OK"
"uia","uia_REL1311_2026_V_chromote.txt","OK"
"uia","uia_REL1321_2026_V_chromote.txt","OK"
"uia","uia_REL4161_2026_V_chromote.txt","OK"
"uia","uia_REL4201_2026_V_chromote.txt","OK"
"uia","uia_SPA1141_2026_V_chromote.txt","OK"
"uia","uia_SPA4001_2026_V_chromote.txt","OK"
"uia","uia_SV1581_2026_V_chromote.txt","OK"
"uia","uia_SV2151_2026_V_chromote.txt","OK"
"uia","uia_SV2161_2026_V_chromote.txt","OK"
"uia","uia_SV3051_2026_V_chromote.txt","OK"
"uia","uia_SV4121_2026_V_chromote.txt","OK"
"uia","uia_SV4191_2026_V_chromote.txt","OK"
"uia","uia_SV5071_2026_V_chromote.txt","OK"
"uia","uia_TY1331_2026_V_chromote.txt","OK"
"uia","uia_TY4001_2026_V_chromote.txt","OK"
"uib","uib_BIODI3000___chromote.txt","OK"
"uib","uib_BIODID2200___chromote.txt","OK"
"uib","uib_ENG120L0___chromote.txt","OK"
"uib","uib_ENG122L0___chromote.txt","OK"
"uib","uib_ENG1250___chromote.txt","OK"
"uib","uib_ENG339L0___chromote.txt","OK"
"uib","uib_ENGDI1010___chromote.txt","OK"
"uib","uib_ENGDI1110___chromote.txt","OK"
"uib","uib_ENGDI2010___chromote.txt","OK"
"uib","uib_ENGDI3010___chromote.txt","OK"
"uib","uib_FRAN255L0___chromote.txt","OK"
"uib","uib_FRAN307L0___chromote.txt","OK"
"uib","uib_FRAN308L0___chromote.txt","OK"
"uib","uib_FRAN313L0___chromote.txt","OK"
"uib","uib_FRANDI1010___chromote.txt","OK"
"uib","uib_FRANDI1110___chromote.txt","OK"
"uib","uib_FRANDI2010___chromote.txt","OK"
"uib","uib_FRANDI3010___chromote.txt","OK"
"uib","uib_HIDID1110___chromote.txt","OK"
"uib","uib_HIDID1120___chromote.txt","OK"
"uib","uib_HIDID3130___chromote.txt","OK"
"uib","uib_HIS1150___chromote.txt","OK"
"uib","uib_HIS1200___chromote.txt","OK"
"uib","uib_HIS250L0___chromote.txt","OK"
"uib","uib_HIS301L0___chromote.txt","OK"
"uib","uib_HIS302L0___chromote.txt","OK"
"uib","uib_HIS303L0___chromote.txt","OK"
"uib","uib_KJEMDI3000___chromote.txt","OK"
"uib","uib_KJEMDID2200___chromote.txt","OK"
"uib","uib_MATDID2100___chromote.txt","OK"
"uib","uib_MATDID2200___chromote.txt","OK"
"uib","uib_MATDID3500___chromote.txt","OK"
"uib","uib_MNF2010___chromote.txt","OK"
"uib","uib_MNF3670___chromote.txt","OK"
"uib","uib_NATDI3000___chromote.txt","OK"
"uib","uib_NATDID2110___chromote.txt","OK"
"uib","uib_NATDID2200___chromote.txt","OK"
"uib","uib_NODI1010___chromote.txt","OK"
"uib","uib_NODI1110___chromote.txt","OK"
"uib","uib_NODI2010___chromote.txt","OK"
"uib","uib_NODI3020___chromote.txt","OK"
"uib","uib_NOLI1020___chromote.txt","OK"
"uib","uib_NOLI103L0___chromote.txt","OK"
"uib","uib_NOLI2160___chromote.txt","OK"
"uib","uib_NOLI250L0___chromote.txt","OK"
"uib","uib_NOLISP300L0___chromote.txt","OK"
"uib","uib_NORAN204L0___chromote.txt","OK"
"uib","uib_NOSP2160___chromote.txt","OK"
"uib","uib_NOSP256L0___chromote.txt","OK"
"uib","uib_PEDA1220___chromote.txt","OK"
"uib","uib_PEDA1230___chromote.txt","OK"
"uib","uib_PEDA1300___chromote.txt","OK"
"uib","uib_PHYSDI3000___chromote.txt","OK"
"uib","uib_PHYSDID2200___chromote.txt","OK"
"uib","uib_REALDI1100___chromote.txt","OK"
"uib","uib_RELDI1110___chromote.txt","OK"
"uib","uib_RELDI1120___chromote.txt","OK"
"uib","uib_RELDI3130___chromote.txt","OK"
"uib","uib_RELV1000___chromote.txt","OK"
"uib","uib_RELV103L0___chromote.txt","OK"
"uib","uib_RELV1050___chromote.txt","OK"
"uib","uib_RELV302L0___chromote.txt","OK"
"uib","uib_RELVI250L0___chromote.txt","OK"
"uib","uib_SOS103L0___chromote.txt","OK"
"uib","uib_SOS105L0___chromote.txt","OK"
"uib","uib_SOS113L0___chromote.txt","OK"
"uib","uib_SOS202L0___chromote.txt","OK"
"uib","uib_SOS340L0___chromote.txt","OK"
"uib","uib_SPANDI1010___chromote.txt","OK"
"uib","uib_SPANDI1110___chromote.txt","OK"
"uib","uib_SPANDI2010___chromote.txt","OK"
"uib","uib_SPANDI3010___chromote.txt","OK"
"uib","uib_SPLA1060___chromote.txt","OK"
"uib","uib_SPLA313L0___chromote.txt","OK"
"uib","uib_TYS307L0___chromote.txt","OK"
"uib","uib_TYS308L0___chromote.txt","OK"
"uib","uib_TYS311L0___chromote.txt","OK"
"uib","uib_TYSDI1010___chromote.txt","OK"
"uib","uib_TYSDI1110___chromote.txt","OK"
"uib","uib_TYSDI2010___chromote.txt","OK"
"uib","uib_TYSDI3010___chromote.txt","OK"
"uio","uio_BIOS50001_2024__chromote.txt","OK"
"uio","uio_BIOS5930L2_2024__chromote.txt","OK"
"uio","uio_EDID40091_2024__chromote.txt","OK"
"uio","uio_ENG47901_2024__chromote.txt","Mangler hovedseksjoner"
"uio","uio_FDID40011_2024__chromote.txt","OK"
"uio","uio_FRA41931_2024__chromote.txt","OK"
"uio","uio_FYS1120L1_2024__chromote.txt","OK"
"uio","uio_FYS58101_2024__chromote.txt","OK"
"uio","uio_FYS5930L2_2024__chromote.txt","OK"
"uio","uio_GEO50001_2024__chromote.txt","OK"
"uio","uio_GEO5930L2_2024__chromote.txt","OK"
"uio","uio_HIS1200L1_2024__chromote.txt","OK"
"uio","uio_HIS1400L1_2024__chromote.txt","OK"
"uio","uio_HIS4015L1_2024__chromote.txt","OK"
"uio","uio_HIS4090L1_2024__chromote.txt","OK"
"uio","uio_HIS4095L1_2024__chromote.txt","OK"
"uio","uio_KJM50501_2024__chromote.txt","OK"
"uio","uio_KJM5930L2_2024__chromote.txt","OK"
"uio","uio_MAT50001_2024__chromote.txt","OK"
"uio","uio_MAT5930L2_2024__chromote.txt","OK"
"uio","uio_MDID40091_2024__chromote.txt","OK"
"uio","uio_NAT50001_2024__chromote.txt","OK"
"uio","uio_NATDID40091_2024__chromote.txt","OK"
"uio","uio_NDID40091_2024__chromote.txt","OK"
"uio","uio_NOR10001_2024__chromote.txt","OK"
"uio","uio_NOR30901_2024__chromote.txt","OK"
"uio","uio_NOR40911_2024__chromote.txt","OK"
"uio","uio_NOR45151_2024__chromote.txt","OK"
"uio","uio_NOR45201_2024__chromote.txt","OK"
"uio","uio_PROF10051_2024__chromote.txt","OK"
"uio","uio_PROF10101_2024__chromote.txt","OK"
"uio","uio_PROF10151_2024__chromote.txt","OK"
"uio","uio_PROF30251_2024__chromote.txt","OK"
"uio","uio_PROF40451_2024__chromote.txt","OK"
"uio","uio_PROMO101_2024__chromote.txt","OK"
"uio","uio_PROMO11_2024__chromote.txt","OK"
"uio","uio_PROMO21_2024__chromote.txt","OK"
"uio","uio_PROMO31_2024__chromote.txt","OK"
"uio","uio_PROMO41_2024__chromote.txt","OK"
"uio","uio_PROMO51_2024__chromote.txt","OK"
"uio","uio_PROMO61_2024__chromote.txt","OK"
"uio","uio_PROMO71_2024__chromote.txt","OK"
"uio","uio_PROMO81_2024__chromote.txt","OK"
"uio","uio_PROMO91_2024__chromote.txt","OK"
"uio","uio_RELDID40091_2024__chromote.txt","OK"
"uio","uio_SDID40091_2024__chromote.txt","OK"
"uio","uio_SPA41921_2024__chromote.txt","OK"
"uio","uio_TYSK40911_2024__chromote.txt","OK"
"uis","uis_LENG1151___chromote.txt","Mangler hovedseksjoner"
"uis","uis_LENG1451___chromote.txt","Mangler hovedseksjoner"
"uis","uis_LENG1751___chromote.txt","Mangler hovedseksjoner"
"uis","uis_LENG1951___chromote.txt","Mangler hovedseksjoner"
"uis","uis_LENG2711___chromote.txt","Mangler hovedseksjoner"
"uis","uis_LENG2721___chromote.txt","Mangler hovedseksjoner"
"uis","uis_LENG2901___chromote.txt","Mangler hovedseksjoner"
"uis","uis_LFYBAC1___chromote.txt","OK"
"uis","uis_LFYMAS1___chromote.txt","OK"
"uis","uis_LHIS1451___chromote.txt","Mangler hovedseksjoner"
"uis","uis_LHIS1651___chromote.txt","Mangler hovedseksjoner"
"uis","uis_LHIS1751___chromote.txt","Mangler hovedseksjoner"
"uis","uis_LHIS1851___chromote.txt","Mangler hovedseksjoner"
"uis","uis_LHIS2711___chromote.txt","Mangler hovedseksjoner"
"uis","uis_LHIS2721___chromote.txt","Mangler hovedseksjoner"
"uis","uis_LHIS2901___chromote.txt","Mangler hovedseksjoner"
"uis","uis_LKJBAC1___chromote.txt","OK"
"uis","uis_LKJMAS1___chromote.txt","OK"
"uis","uis_LMABAC1___chromote.txt","OK"
"uis","uis_LMAMAS1___chromote.txt","OK"
"uis","uis_LMHIMAS1___chromote.txt","OK"
"uis","uis_LMLEMAS1___chromote.txt","OK"
"uis","uis_LNOR1151___chromote.txt","Mangler hovedseksjoner"
"uis","uis_LNOR1251___chromote.txt","Mangler hovedseksjoner"
"uis","uis_LNOR1351___chromote.txt","Mangler hovedseksjoner"
"uis","uis_LNOR1451___chromote.txt","Mangler hovedseksjoner"
"uis","uis_LNOR1651___chromote.txt","Mangler hovedseksjoner"
"uis","uis_LNOR1751___chromote.txt","Mangler hovedseksjoner"
"uis","uis_LNOR2701___chromote.txt","Mangler hovedseksjoner"
"uis","uis_LNOR2901___chromote.txt","Mangler hovedseksjoner"
"uis","uis_LPRA101___chromote.txt","OK"
"uis","uis_LPRA201___chromote.txt","OK"
"uis","uis_LPRA301___chromote.txt","OK"
"uis","uis_LPRA401___chromote.txt","OK"
"uis","uis_LPRA501___chromote.txt","OK"
"uis","uis_LPRA511___chromote.txt","Mangler hovedseksjoner"
"uis","uis_LPRA521___chromote.txt","OK"
"uis","uis_LPRA601___chromote.txt","Mangler hovedseksjoner"
"uis","uis_LREL1251___chromote.txt","Mangler hovedseksjoner"
"uis","uis_LREL1351___chromote.txt","Mangler hovedseksjoner"
"uis","uis_LREL1851___chromote.txt","Mangler hovedseksjoner"
"uis","uis_LREL1951___chromote.txt","Mangler hovedseksjoner"
"uis","uis_LREL2711___chromote.txt","Mangler hovedseksjoner"
"uis","uis_MGL00801___chromote.txt","OK"
"uis","uis_MGL00831___chromote.txt","OK"
"uis","uis_MGL10021___chromote.txt","OK"
"uis","uis_MGL10051___chromote.txt","OK"
"uis","uis_MGL10061___chromote.txt","OK"
"uis","uis_MGL10431___chromote.txt","OK"
"uis","uis_MGL10441___chromote.txt","OK"
"uis","uis_MGL10501___chromote.txt","OK"
"uis","uis_MGL10511___chromote.txt","OK"
"uis","uis_MGL10601___chromote.txt","OK"
"uis","uis_MGL10611___chromote.txt","OK"
"uis","uis_MGL10801___chromote.txt","OK"
"uis","uis_MGL10811___chromote.txt","OK"
"uis","uis_MGL10901___chromote.txt","OK"
"uis","uis_MGL11001___chromote.txt","OK"
"uis","uis_MGL11101___chromote.txt","OK"
"uis","uis_MGL11111___chromote.txt","OK"
"uis","uis_MGL11201___chromote.txt","OK"
"uis","uis_MGL12001___chromote.txt","OK"
"uis","uis_MGL12201___chromote.txt","OK"
"uis","uis_MGL13221___chromote.txt","OK"
"uis","uis_MGL15001___chromote.txt","OK"
"uis","uis_MGL16001___chromote.txt","Mangler hovedseksjoner"
"uis","uis_MGL17001___chromote.txt","OK"
"uis","uis_MGL1P101___chromote.txt","OK"
"uis","uis_MGL1P201___chromote.txt","OK"
"uis","uis_MGL1P251___chromote.txt","OK"
"uis","uis_MGL1P401___chromote.txt","OK"
"uis","uis_MGL1P451___chromote.txt","OK"
"uis","uis_MGL20021___chromote.txt","Mangler hovedseksjoner"
"uis","uis_MGL20051___chromote.txt","Mangler hovedseksjoner"
"uis","uis_MGL20061___chromote.txt","Mangler hovedseksjoner"
"uis","uis_MGL20321___chromote.txt","Mangler hovedseksjoner"
"uis","uis_MGL20361___chromote.txt","Mangler hovedseksjoner"
"uis","uis_MGL20431___chromote.txt","Mangler hovedseksjoner"
"uis","uis_MGL20441___chromote.txt","Mangler hovedseksjoner"
"uis","uis_MGL20501___chromote.txt","Mangler hovedseksjoner"
"uis","uis_MGL20511___chromote.txt","Mangler hovedseksjoner"
"uis","uis_MGL20601___chromote.txt","Mangler hovedseksjoner"
"uis","uis_MGL20611___chromote.txt","Mangler hovedseksjoner"
"uis","uis_MGL20801___chromote.txt","Mangler hovedseksjoner"
"uis","uis_MGL20811___chromote.txt","Mangler hovedseksjoner"
"uis","uis_MGL20901___chromote.txt","Mangler hovedseksjoner"
"uis","uis_MGL21001___chromote.txt","OK"
"uis","uis_MGL21131___chromote.txt","OK"
"uis","uis_MGL21141___chromote.txt","OK"
"uis","uis_MGL21201___chromote.txt","OK"
"uis","uis_MGL21211___chromote.txt","OK"
"uis","uis_MGL22001___chromote.txt","OK"
"uis","uis_MGL23111___chromote.txt","OK"
"uis","uis_MGL23121___chromote.txt","OK"
"uis","uis_MGL23221___chromote.txt","OK"
"uis","uis_MGL25001___chromote.txt","Mangler hovedseksjoner"
"uis","uis_MGL27001___chromote.txt","Mangler hovedseksjoner"
"uis","uis_MGL2P101___chromote.txt","OK"
"uis","uis_MGL2P201___chromote.txt","OK"
"uis","uis_MGL2P251___chromote.txt","OK"
"uis","uis_MGL2P401___chromote.txt","OK"
"uis","uis_MGL2P451___chromote.txt","OK"
"uis","uis_MGL300M1___chromote.txt","OK"
"uis","uis_MGL30521___chromote.txt","OK"
"uis","uis_MGL30531___chromote.txt","OK"
"uis","uis_MGL30541___chromote.txt","OK"
"uis","uis_MGL30651___chromote.txt","OK"
"uis","uis_MGL30661___chromote.txt","OK"
"uis","uis_MGL30671___chromote.txt","OK"
"uis","uis_MGL30821___chromote.txt","OK"
"uis","uis_MGL30831___chromote.txt","OK"
"uis","uis_MGL30841___chromote.txt","OK"
"uis","uis_MGL310M1___chromote.txt","OK"
"uis","uis_MGL31201___chromote.txt","OK"
"uis","uis_MGL31211___chromote.txt","OK"
"uis","uis_MGL31221___chromote.txt","OK"
"uis","uis_MGL31251___chromote.txt","OK"
"uis","uis_MGL31261___chromote.txt","OK"
"uis","uis_MGL31271___chromote.txt","OK"
"uis","uis_MGL320M1___chromote.txt","OK"
"uis","uis_MGL33001___chromote.txt","OK"
"uis","uis_MGL330M1___chromote.txt","OK"
"uis","uis_MGL34001___chromote.txt","OK"
"uis","uis_MGL350M1___chromote.txt","OK"
"uis","uis_MGL36001___chromote.txt","OK"
"uis","uis_MGL360M1___chromote.txt","OK"
"uis","uis_MGL37001___chromote.txt","OK"
"uis","uis_MGL38001___chromote.txt","OK"
"uis","uis_MGL380M1___chromote.txt","OK"
"uis","uis_MGL400M1___chromote.txt","Mangler hovedseksjoner"
"uis","uis_MGL40361___chromote.txt","Mangler hovedseksjoner"
"uis","uis_MGL40371___chromote.txt","Mangler hovedseksjoner"
"uis","uis_MGL40381___chromote.txt","Mangler hovedseksjoner"
"uis","uis_MGL40521___chromote.txt","Mangler hovedseksjoner"
"uis","uis_MGL40531___chromote.txt","Mangler hovedseksjoner"
"uis","uis_MGL40541___chromote.txt","Mangler hovedseksjoner"
"uis","uis_MGL40651___chromote.txt","Mangler hovedseksjoner"
"uis","uis_MGL40661___chromote.txt","Mangler hovedseksjoner"
"uis","uis_MGL40671___chromote.txt","Mangler hovedseksjoner"
"uis","uis_MGL40821___chromote.txt","Mangler hovedseksjoner"
"uis","uis_MGL40831___chromote.txt","Mangler hovedseksjoner"
"uis","uis_MGL40841___chromote.txt","Mangler hovedseksjoner"
"uis","uis_MGL410M1___chromote.txt","Mangler hovedseksjoner"
"uis","uis_MGL41201___chromote.txt","OK"
"uis","uis_MGL41211___chromote.txt","Mangler hovedseksjoner"
"uis","uis_MGL41221___chromote.txt","Mangler hovedseksjoner"
"uis","uis_MGL41251___chromote.txt","Mangler hovedseksjoner"
"uis","uis_MGL41261___chromote.txt","Mangler hovedseksjoner"
"uis","uis_MGL41271___chromote.txt","Mangler hovedseksjoner"
"uis","uis_MGL420M1___chromote.txt","Mangler hovedseksjoner"
"uis","uis_MGL43001___chromote.txt","OK"
"uis","uis_MGL430M1___chromote.txt","Mangler hovedseksjoner"
"uis","uis_MGL44001___chromote.txt","OK"
"uis","uis_MGL450M1___chromote.txt","Mangler hovedseksjoner"
"uis","uis_MGL46001___chromote.txt","Mangler hovedseksjoner"
"uis","uis_MGL460M1___chromote.txt","Mangler hovedseksjoner"
"uis","uis_MGL47001___chromote.txt","Mangler hovedseksjoner"
"uis","uis_MGL48001___chromote.txt","Mangler hovedseksjoner"
"uis","uis_MGL480M1___chromote.txt","Mangler hovedseksjoner"
"uis","uis_MGLT411___chromote.txt","OK"
"uis","uis_MGLT421___chromote.txt","OK"
"uis","uis_MGLT431___chromote.txt","OK"
"uis","uis_PPU1171___chromote.txt","Mangler hovedseksjoner"
"uis","uis_PPU1181___chromote.txt","Mangler hovedseksjoner"
