"institution","course_code","url","fulltekst_renset","arbeidskrav","status_code"
"nmbu","nmbu",NA,"Studiepoeng:10
Ansvarlig fakultet:Fakultet for realfag og teknologi
Emneansvarlig:Elise Bergli
Campus / nettbasert:Undervises campus Ås
Undervisningens språk:Norsk
Frekvens:Årlig
Forventet arbeidsmengde:250 timer: 17 timer pr uke i 15 uker.
Undervisnings- og vurderingsperiode:Emnet starter i vårparallellen. Emnet har undervisning/vurdering i vårparallellen, .
## Om dette emnet
Undervisningen er temabasert. I tilknytning til temaene arbeider studentene med relaterte fysikkemner (eksempler i parentes): Biofysikk (lys, elektriske felt, radioaktivitet), Klima (mekanikk, gasslover, elektromagnetisk stråling), Bioenergi (varmelære, induksjon og vekselstrøm), Solenergi (atom- og kjernefysikk, elektriske kretser)
Innholdsoversikt:
- Bevegelse (kinematikk) og dens årsak (dynamikk), med spesiell vekt på energibegrepet og mekanikkens bevaringssatser.
- Væskers fysiske egenskaper.
- Stoffer og gassers termiske egenskaper og varmelærens hovedsetninger.
- Bølgebevegelse, lys og optikk.
- Elektrisitet, magnetisme og elektromagnetisk stråling.
- Enkel atomteori, kjernefysikk og strålingsfysikk.
## Dette lærer du
Å forstå og å kunne bruke grunnleggende begreper og naturlover i fysikk.
Å tilegne seg naturvitenskapelig fagspråk og termer.
Å forstå hvordan enkle prinsipper kan brukes til å beskrive kompliserte fenomener i naturen. Å forstå hvordan kunnskap om fysikk anvendes for å forstå biologiske systemer, fornybar energiproduksjon og klimaspørsmål.
Å erfare hvor tett sammenvevd de forskjellige naturvitenskapelige disiplinene egentlig er.
Å bli motivert til å arbeide videre i sitt studium med en realflerfaglig redskapskasse.
Studentene skal gis en operativ forståelse av de viktigste fysiske begrepene, grunnleggende fysisk tenkemåte og evnen til å analysere og løse kvantitative problemer innen:
- Bevegelse (kinematikk) og dens årsak (dynamikk), med spesiell vekt på energibegrepet og mekanikkens bevaringslover
- Væskers fysiske egenskaper
- Stoffer og gassers termiske egenskaper og varmelærens hovedsetninger.
- Bølgebevegelse, lys og optikk.
- Elektrisitet, magnetisme og elektromagnetisk stråling.
- Enkel atomteori, kjernefysikk og strålingsfysikk.
Studentene skal også kjenne til og forstå sentrale problemstillinger innen biologisk fysikk, klima og klimaendringer og fornybar energi (solenergi og bioenergi).
Studentene skal kunne:
- analysere en beskrevet problemstilling ved å anvende grunnleggende lover og prinsipper fra fysikk
- løse regneoppgaver ved å anvende grunnleggende lover og prinsipper fra fysikk.
- forklare hvordan fenomener i biologi og i miljøfysikk kan forklares kvalitativt med bakgrunn i grunnleggende lover og prinsipper fra fysikk
- samarbeide om læring og om problemløsning
- se sammenhengen mellom fysikk og andre naturvitenskapelige fag
Studentene skal forstå hvorfor grunnleggende kunnskaper i fysikk er nødvendige for å kunne forstå og beskrive naturen og for å kunne forstå og løse miljøproblemer.
Studentene skal også forstå at fysikk og naturvitenskap er et menneskeskapt redskap vi bruker for å utforske naturen og at det alltid er naturen selv som er fasit.
- Læringsaktiviteter
## Arbeidsformer
FORELESNINGER med gjennomgang av sentrale begrep, teori, eksempler, fysikkdemonstrasjoner og auditoriumsaktiviterer.
REGNEØVELSER OG VEILEDEDE KOLLOKVIER hvor forståelses- og regneoppgaver drøftes og gjennomgås og hvor hjelpelærer deltar i diskusjon eller annet studiearbeid.
LABORATORIEØVELSER hvor studentene selv undersøker fysikkfenomener, studerer fornybar energiteknologi og får opplæring i bruk av enkelt måleutstyr.
SELVSTUDIUM hvor studenten arbeider i kollokvier og selvstendig med å lese og drøfte teori, regne og diskutere oppgaver.
## Arbeidsformer
FORELESNINGER med gjennomgang av sentrale begrep, teori, eksempler, fysikkdemonstrasjoner og auditoriumsaktiviterer.
REGNEØVELSER OG VEILEDEDE KOLLOKVIER hvor forståelses- og regneoppgaver drøftes og gjennomgås og hvor hjelpelærer deltar i diskusjon eller annet studiearbeid.
LABORATORIEØVELSER hvor studentene selv undersøker fysikkfenomener, studerer fornybar energiteknologi og får opplæring i bruk av enkelt måleutstyr.
SELVSTUDIUM hvor studenten arbeider i kollokvier og selvstendig med å lese og drøfte teori, regne og diskutere oppgaver.
- Læringsstøtte
Aktiv nettside med kursinformasjon, meldingstjeneste og læringsressurser. Orakeltjeneste hvor hjelpelærere gjennomgår pensum eller oppgaver etter studentenes ønske.
- Pensum
Blir opplyst på Canvas ved oppstart.
- Forutsatte forkunnskaper
R1 eller S1+S2 fra videregående skole eller MATH100.
- Anbefalte forkunnskaper
Fysikk 1 og R2 fra videregående skole.
- Vurderingsordning, hjelpemiddel og eksamen
Skriftlig avsluttende prøve; 3,5 timer.
Skriftlig eksamen Karakterregel: Bokstavkarakterer  Hjelpemiddel: B1 Utdelt kalkulator, ingen andre hjelpemidler
- Om bruk av KI
K1 - ingen bruk av KI
Her finner du KI-kategoriene beskrevet.
- Sensorordning
Ekstern sensor deltar sammen med intern sensor ved utformingen av eksamensoppgavene og sensorveiledningen. Ekstern sensor kontrollerer intern sensors vurdering av et tilfeldig utvalg kandidater som en kalibrering med visse mellomrom i henhold til instituttets retningslinjer for sensur.
- Obligatorisk aktivitet
Obligatoriske laboratorieoppgaver og ukentlige obligatoriske øvelser.
- Merknader
Emnet er beregnet for studenter uten forkunnskaper som vil ha en kort og intensiv innføring i fysikk og i eksempler på fagets anvendelser innen biologi og miljøtema. Emnet åpner muligheten, også for studenter uten annen fysikkbakgrunn, til å ta bestemte fysikkemner innen meteorologi og klima, elektronikk, måleteknikk og statikk. Emnet gir også muligheten til å ta emnegruppe i fysikk for studenter uten forkunnskaper fra videregående skole.
- Undervisningstider
Undervisningsperioden består av 13 ukers undervisningsperiode og 2 uker eksamensperiode. I undervisningsperioden tilbys: Forelesninger: 2 x 2 timer x 13 uker = 52 timer. Forelesningsseminar og gjesteforelesninger: 2 timer x 13 uker = 26 timer. Oppgavegjennomgang: 2 timer x 14 uker = 28 timer Regne- og kollokvieverksted: 2 timer x 14 uker = 28 timer. Regne- og kollokvieverksted for studenter uten fysikkbakgrunn: 4 timer x 14 uker = 56 timer. Laboratorieøvelser: 2 x 5 timer = 10 timer (obligatorisk). Obligatoriske innleveringsoppgaver: 12 x 4 timer: 48 timer
- Opptakskrav
GSK",NA,NA
"nmbu","nmbu",NA,"Studiepoeng:30
Ansvarlig fakultet:Fakultet for realfag og teknologi
Emneansvarlig:Birgitte Bjønness, Margrethe Naalsund
Campus / nettbasert:Undervises campus Ås
Undervisningens språk:Engelsk, norsk
Frekvens:Profesjonsmaster PPU, profil realfag: Hvert vårsemester.Profesjonsmaster PPU, profil naturbruk: Heltidsstudenter: hvert vårsemester. Deltidsstudenter: hvert høst- og vårsemester.
Profesjonsmaster PPU, profil realfag: Hvert vårsemester.
Profesjonsmaster PPU, profil naturbruk: Heltidsstudenter: hvert vårsemester. Deltidsstudenter: hvert høst- og vårsemester.
Forventet arbeidsmengde:900 timer
Undervisnings- og vurderingsperiode:Profesjonsmaster PPU, profil realfag: Vårparallell.Profesjonsmaster PPU, profil naturbruk: Heltidsstudenter: veiledning og vurdering i vårparallell. Deltidsstudenter: veiledning i høst- og vårsemester, vurdering i vårparallell
Profesjonsmaster PPU, profil realfag: Vårparallell.
Profesjonsmaster PPU, profil naturbruk: Heltidsstudenter: veiledning og vurdering i vårparallell. Deltidsstudenter: veiledning i høst- og vårsemester, vurdering i vårparallell
## Om dette emnet
Profesjonsmaster PPU, profil realfag: Masteroppgaven består av et selvstendig forskningsarbeid som gjennomføres i det siste semesteret av studiet. Masteroppgaven kan skrives som monografi eller vitenskapelig artikkel. Studenten får veiledning underveis av en oppnevnt veileder og evt. biveiledere(e). Veiledningen skal sikre at studenten får råd om litteratur, om datainnsamling og eventuelt laboratoriearbeid, og at forskningsetiske retningslinjer følges. Masteroppgaven er profesjonsfaglig rettet. Vi tilbyr masteroppgaver innen fagdidaktikk i fag 1.
Profesjonsmaster PPU, profil naturbruk: Masteroppgaven består av et selvstendig forsknings- eller utviklingsprosjekt som gjennomføres i det siste semesteret av masterstudiet for heltidsstudenter og i de to siste semestrene av studiet for deltidsstudenter. Masteroppgaven kan leveres skriftlig eller i multimodal form og utføres individuelt eller i samarbeid mellom to eller tre studenter. Dersom oppgaven leveres av to eller tre studenter, må hver students selvstendige del av prosjektet dokumenteres. Studenten eller studentene får veiledning underveis av en oppnevnt veileder og evt. biveiledere(e). Veiledningen skal sikre at studenten eller studentene får råd om utførelse av aksjonslæringsprosjekt og eventuelt feltarbeid samt annen datainnsamling og litteratur. Veiledning skal også følge opp overholdelse av forskningsetiske retningslinjer. Masteroppgaven er profesjonsfaglig rettet.
## Dette lærer du
Profesjonsmaster PPU, profil realfag:
Etter fullført masteroppgave skal studenten kunne:
- Gjennomføre et selvstendig forsknings- og utviklingsarbeid ut fra en begrunnet problemstilling/forskningsspørsmål.
- Benytte relevante teorier og forskningsmetoder som verktøy i forskningsarbeidet.
- Analysere og trekke konklusjoner ut av et selvstendig gjennomført forskningsprosjekt.
- Formidle prosjektets forsknings- og erfaringsbaserte kunnskap (basert på selvstendig forskningsprosjekt) både skriftlig og muntlig.
- Lese, forstå og bruke forskningslitteratur.
- Følge forskningsetiske retningslinjer.
Mer spesifikt skal studenten kunne:
- utvikle en problemstilling / et forskningsspørsmål som er begrunnet ut ifra relevans for fagfelt og/eller praksis.
- avgrense oppgaven tilstrekkelig slik at den er gjennomførbar.
- ta i bruk anerkjente forskningstilnærminger og -metoder som er relevante og begrunnet
- vurdere forskningsarbeidet med hensyn på forskningsetikk, herunder eventuelle nødvendige godkjenninger fra NSD
- drøfte muligheter og utfordringer med metodevalg
- anvende fag/yrkesdidaktisk teori og forskingslitteratur som er relevant for valgt problemstilling/forskningsspørsmål
- arbeide selvstendig og evt. delta i relevante forskningsgrupper
- skrive masteroppgaven ihht. akademisk stil og krav, med en tydelig sammenheng mellom oppgavens ulike deler.
- analysere og drøfte resultater og funn og begrunne hvordan de har framkommet
- besvare og drøfte problemstilling/forskningsspørsmål med nødvendige forbehold og implikasjoner.
Profesjonsmaster PPU, profil naturbruk: Etter fullført masteroppgave skal studenten kunne:
- Utvikle, gjennomføre og vise et selvstendig forsknings- eller utviklingsprosjekt, individuelt eller i samarbeid med andre, ut fra en begrunnet problemstilling med underliggende forskningsspørsmål.
- Bruke relevante yrkespedagogiske perspektiver, yrkespraksis og kvalitative forskningsmetoder som verktøy i arbeidet med forsknings- eller utviklingsprosjektet
- Analysere og trekke konklusjoner fra forsknings- eller utviklingsprosjektet
- Presentere, dele og kritisk drøfte kunnskap utviklet i forsknings- eller utviklingsprosjektet med kolleger eller andre samarbeidspartnere i opplæring.
- Dokumentere utforskningen i masteroppgaven skriftlig, muntlig og eventuelt gjennom andre uttrykksformer.
- Forstå, drøfte og bruke relevant og anerkjent yrkespedagogisk fagstoff.
- Redegjøre for samt drøfte overholdelse av forskningsetiske retningslinjer i forbindelse med bruk av aksjonslæring som strategi for prosjektet
Mer spesifikt skal studenten kunne:
- Utvikle og begrunne problemstilling og underliggende forskningsspørsmål ut fra opplevde behov og nåsituasjon innenfor yrkesopplæring.
- Bruke yrkespedagogiske perspektiver, annen teori og yrkespraksis som er relevant for aksjonen og resonnere faglig omkring perspektiver, teori og praksis (flyttet)
- Bruke aksjonslæring som strategi for forsknings- eller utviklingsprosjekt samt relevante kvalitative forskningsmetoder
- Vurdere forsknings- eller utviklingsprosjektet med hensyn på forskningsetikk, herunder eventuelle nødvendige godkjenninger fra NSD
- Drøfte muligheter og utfordringer omkring metodevalg.
- Reflektere omkring egen utvikling og rollen som deltakende og samarbeidende forsker i aksjonslæringsprosjektet
- Dokumentere et selvstendig bidrag og profesjonell deltagelse i et samarbeid om aksjonslæring
- Gjennomføre masteroppgaven skriftlig, muntlig og eventuelt i andre uttrykksformer med en tydelig, logisk og kommuniserbar sammenheng mellom oppgavens ulike deler.
- Analysere og drøfte resultater og funn og begrunne hvordan de har framkommet
- Besvare og drøfte problemstilling med underliggende forskningsspørsmål med nødvendige forbehold og implikasjoner.
- Læringsaktiviteter
Profesjonsmaster PPU, profil realfag: Selvstendig arbeid under veiledning. Mastergradsforum med seminarer i vårsemesteret.
Profesjonsmaster PPU, profil naturbruk: Selvstendig arbeid, individuelt og i grupper, under veiledning. I tillegg arrangeres mastergradsforum med seminarer i vårsemesteret for heltidsstudenter, i høst- og vårsemesteret siste studieår for deltidsstudenter.
Profesjonsmaster PPU, profil realfag: Selvstendig arbeid under veiledning. Mastergradsforum med seminarer i vårsemesteret.
Profesjonsmaster PPU, profil naturbruk: Selvstendig arbeid, individuelt og i grupper, under veiledning. I tillegg arrangeres mastergradsforum med seminarer i vårsemesteret for heltidsstudenter, i høst- og vårsemesteret siste studieår for deltidsstudenter.
- Læringsstøtte
Profesjonsmaster PPU, profil realfag: Hver student har rett til 40 timers veiledning. Det forventes at studenten arbeider selvstendig utover dette veiledningstilbudet. Masterforumet tilbyr også støtte under dette arbeidet.
Profesjonsmaster PPU, profil naturbruk: Studenter som leverer individuell oppgave, har rett til 40 timers veiledning. Om studenten samarbeider med andre studenter om masteroppgaven, økes tidsrammen for veiledning av masteroppgaven med 20 timer for hver student, med rett til 60 timer veiledning for masteroppgave med to studenter, 80 timer for masteroppgave med tre studenter. Studenten eller studentene arbeider selvstendig utover dette veiledningstilbudet. Veiledning i masterforumet tilbyr også støtte fra veileder innenfor rammene gitt ovenfor.
Profesjonsmaster PPU, profil realfag: Hver student har rett til 40 timers veiledning. Det forventes at studenten arbeider selvstendig utover dette veiledningstilbudet. Masterforumet tilbyr også støtte under dette arbeidet.
Profesjonsmaster PPU, profil naturbruk: Studenter som leverer individuell oppgave, har rett til 40 timers veiledning. Om studenten samarbeider med andre studenter om masteroppgaven, økes tidsrammen for veiledning av masteroppgaven med 20 timer for hver student, med rett til 60 timer veiledning for masteroppgave med to studenter, 80 timer for masteroppgave med tre studenter. Studenten eller studentene arbeider selvstendig utover dette veiledningstilbudet. Veiledning i masterforumet tilbyr også støtte fra veileder innenfor rammene gitt ovenfor.
- Pensum
Undervisningsmateriell utvikles individuelt.
- Forutsatte forkunnskaper
Profesjonsmaster PPU, profil realfag: Krever opptak på lektorprogrammet eller profsjonsmaster PPU i profil i realfag ved NMBU. Dette masteremnet skal normalt være det eneste emnet som gjenstår i mastergraden.
Profesjonsmaster PPU, profil naturbruk: Krever opptak på profesjonsmaster med praktisk pedagogisk utdanning med profil yrkespedagogikk i naturbruk.
Profesjonsmaster PPU, profil realfag: Krever opptak på lektorprogrammet eller profsjonsmaster PPU i profil i realfag ved NMBU. Dette masteremnet skal normalt være det eneste emnet som gjenstår i mastergraden.
Profesjonsmaster PPU, profil naturbruk: Krever opptak på profesjonsmaster med praktisk pedagogisk utdanning med profil yrkespedagogikk i naturbruk.
- Vurderingsordning, hjelpemiddel og eksamen
Profesjonsmaster PPU, profil realfag: Skriftlig oppgave med muntlig forsvar, teller 100%.
Profesjonsmaster PPU, profil naturbruk: Skriftlig eller multimodal oppgave med muntlig forsvar teller 100 %.
Masteroppgave Karakterregel: Bokstavkarakterer   Masteroppgave med justerende muntlig Karakterregel: Bokstavkarakterer
Profesjonsmaster PPU, profil realfag: Skriftlig oppgave med muntlig forsvar, teller 100%.
Profesjonsmaster PPU, profil naturbruk: Skriftlig eller multimodal oppgave med muntlig forsvar teller 100 %.
- Om bruk av KI
I emnet tillates full bruk av KI (nivå K3). Studenten skal gjøre rede for hvordan og hvorfor KI er blitt brukt i arbeidet med oppgaven. Videre skal studenten drøfte hvordan og hvorfor KI-bruk bidrar til utvikling av egen faglig og forskningsmetodisk kompetanse.
Her finner du KI-kategoriene beskrevet.
- Sensorordning
Intern og ekstern sensor vurderer masteroppgaven og muntlig eksamen.
- Obligatorisk aktivitet
Profesjonsmaster PPU, profil realfag: Utfylt kontrakt mellom student og veileder(e), med detaljert framdriftsplan, leveres fakultetet før arbeidet med masteroppgaven kan starte.
Profesjonsmaster PPU, profil naturbruk: Signert kontrakt mellom student (er) og veileder(e) med framdriftsplan leveres fakultetet før arbeidet med masteroppgaven kan starte.
Profesjonsmaster PPU, profil realfag: Utfylt kontrakt mellom student og veileder(e), med detaljert framdriftsplan, leveres fakultetet før arbeidet med masteroppgaven kan starte.
Profesjonsmaster PPU, profil naturbruk: Signert kontrakt mellom student (er) og veileder(e) med framdriftsplan leveres fakultetet før arbeidet med masteroppgaven kan starte.
- Undervisningstider
Profesjonsmaster PPU, profil realfag: Studenten arbeider fulltid med oppgaven i ett semester. Mastergradsforum med seminar.
Profesjonsmaster PPU, profil naturbruk: Heltid: Studenten(e) arbeider fulltid med oppgaven i ett semester. Mastergradsforum med seminar, nettbasert og/eller fysisk oppmøte. Deltid: Studenten(e) arbeider deltid, 50 %, med oppgaven i høst- og vårsemester. Mastergradsforum med seminar, nettbasert og/eller fysisk oppmøte.
Profesjonsmaster PPU, profil realfag: Studenten arbeider fulltid med oppgaven i ett semester. Mastergradsforum med seminar.
Profesjonsmaster PPU, profil naturbruk: Heltid: Studenten(e) arbeider fulltid med oppgaven i ett semester. Mastergradsforum med seminar, nettbasert og/eller fysisk oppmøte. Deltid: Studenten(e) arbeider deltid, 50 %, med oppgaven i høst- og vårsemester. Mastergradsforum med seminar, nettbasert og/eller fysisk oppmøte.",NA,NA
"nmbu","nmbu",NA,"Studiepoeng:60
Ansvarlig fakultet:Fakultet for realfag og teknologi
Emneansvarlig:Hans Erik Lefdal
Campus / nettbasert:Undervises campus Ås
Undervisningens språk:Norsk
Frekvens:Årlig
Forventet arbeidsmengde:1500 timer
Undervisnings- og vurderingsperiode:Vår- og høstparallell
## Om dette emnet
## Dette lærer du
Etter fullført masteroppgave skal studenten kunne:
- Gjennomføre et selvstendig forsknings- og utviklingsarbeid ut fra en begrunnet problemstilling/forskningsspørsmål.
- Benytte relevante teorier og forskningsmetoder som verktøy i forskningsarbeidet.
- Analysere og trekke konklusjoner ut av et selvstendig gjennomført forskningsprosjekt.
- Formidle prosjektets forsknings- og erfaringsbaserte kunnskap (basert på selvstendig forskningsprosjekt) både skriftlig og muntlig.
- Lese, forstå og bruke forskningslitteratur.
- Følge forskningsetiske retningslinjer.
Mer spesifikt skal studenten kunne:
- utvikle en problemstilling / et forskningsspørsmål som er begrunnet ut ifra relevans for fagfelt og/eller praksis.
- avgrense oppgaven tilstrekkelig slik at den er gjennomførbar.
- ta i bruk anerkjente forskningstilnærminger og -metoder som er relevante og begrunnet
- vurdere forskningsarbeidet med hensyn på forskningsetikk, herunder eventuelle nødvendige godkjenninger fra NSD
- drøfte muligheter og utfordringer med metodevalg
- anvende fag/yrkesdidaktisk teori og forskingslitteratur som er relevant for valgt problemstilling/forskningsspørsmål
- arbeide selvstendig og evt. delta i relevante forskningsgrupper
- skrive masteroppgaven ihht. akademisk stil og krav, med en tydelig sammenheng mellom oppgavens ulike deler.
- analysere og drøfte resultater og funn og begrunne hvordan de har framkommet
- besvare og drøfte problemstilling/forskningsspørsmål med nødvendige forbehold og implikasjoner.
- Læringsaktiviteter
Selvstendig arbeid under veiledning.
Mastergradsforum med seminarer i vårsemesteret.
Selvstendig arbeid under veiledning.
Mastergradsforum med seminarer i vårsemesteret.
- Læringsstøtte
Studenten har rett til 80 timer veiledning totalt inklusiv sensurering av masteroppgaven. Det forventes at studenten arbeider selvstendig utover dette veiledningstilbudet.
- Pensum
Undervisningsmateriell utvikles individuelt.
- Forutsatte forkunnskaper
Krever opptak på lektorprogrammet ved NMBU. Dette masteremnet skal normalt være det eneste emnet som gjenstår i mastergraden.
- Vurderingsordning, hjelpemiddel og eksamen
Skriftlig oppgave med muntlig forsvar, teller 100%
Masteroppgave med justerende muntlig Karakterregel: Bokstavkarakterer   Masteroppgave Karakterregel: Bokstavkarakterer
- Om bruk av KI
K3 - Full bruk av KI.
Bruk av KI er tillatt, men må være i tråd med retningslinjene for bruk av kunstig intelligens (KI) ved NMBU.
Her finner du KI-kategoriene beskrevet.
K3 - Full bruk av KI.
Bruk av KI er tillatt, men må være i tråd med retningslinjene for bruk av kunstig intelligens (KI) ved NMBU.
Her finner du KI-kategoriene beskrevet.
- Sensorordning
Intern og ekstern sensor vurderer masteroppgaven og muntlig eksamen.
- Obligatorisk aktivitet
Utfylt kontrakt mellom student og veileder(e), med detaljert framdriftsplan, leveres fakultetet før arbeidet med masteroppgaven kan starte.
- Undervisningstider
Studenten arbeider fulltid med oppgaven i to semestre.
Mastergradsforum med seminar.
Studenten arbeider fulltid med oppgaven i to semestre.
Mastergradsforum med seminar.
- Opptakskrav
Masteroppgaven på 60 sp innvilges kun etter søknad til Undervisningsutvalget på RealTek.",NA,NA
"nmbu","nmbu",NA,"Studiepoeng:10
Ansvarlig fakultet:Fakultet for realfag og teknologi
Emneansvarlig:Ole Løseth Elvetun
Campus / nettbasert:Undervises campus Ås
Undervisningens språk:Norsk
Frekvens:Årlig
Forventet arbeidsmengde:Forelesninger 56 timer, regneverksted 56 timer og selvstudium 138 timer.
Undervisnings- og vurderingsperiode:Emnet starter i høstparallellen. Emnet har undervisning/vurdering i høstparallellen.
## Om dette emnet
Emnet tar for seg et utvalg matematiske metoder, (kontinuerlige) funksjoner i én eller to variable og vektorer i to eller tre dimensjoner som beskriver viktige fenomener innenfor naturvitenskap og økonomi.
Bestemmelse av stigningstall og ekstremalpunkter beskrives ved hjelp av derivasjonsbegrepet. Optimering av funksjoner i én variabel.
Bestemmelse av arealer og uendelig summering (rekker) knyttes til integrasjonsbegrepet.
Eksempler på løsning av enkle ordinære differensiallikninger.
## Dette lærer du
Kunnskap
Når emnet er gjennomført, skal studenten ha lært grunnleggende begreper, metoder og teknikker knyttet opp mot emnets innhold.
Ferdigheter
Studenten skal sitte igjen med regneferdigheter som, sammen med teorien, gjør at hen behersker standardmetoder for å studere et utvalg av funksjoner i en og to variabler, rekker, vektorer og enkle differensialligninger.
Generell kompetanse
Studenten skal kunne knytte teorien opp mot relevante praktiske problemer og kunne anvende den videre i studieforløpet.
- Læringsaktiviteter
I løpet av en uke får studentene gjennomgått det viktigste om hvert tema i emnet på to forelesninger.
I tillegg gis det øvingsoppgaver med følgende siktemål: Innlæring av regneteknikk og metoder, gi matematisk forståelse av temaene og vise hvordan temaene er knyttet til praktiske anvendelser. Det tilbys regneverksted med øvingslærere flere ganger i løpet av uken for å få hjelp til oppgavene.
I løpet av en uke får studentene gjennomgått det viktigste om hvert tema i emnet på to forelesninger.
I tillegg gis det øvingsoppgaver med følgende siktemål: Innlæring av regneteknikk og metoder, gi matematisk forståelse av temaene og vise hvordan temaene er knyttet til praktiske anvendelser. Det tilbys regneverksted med øvingslærere flere ganger i løpet av uken for å få hjelp til oppgavene.
- Læringsstøtte
Faglig veiledning og støtte gis i forbindelse med forelesninger og regneverksted. Nyttig informasjon legges også ut på kurshjemmesidene i Canvas.
I tillegg til regneverkstedet er det mulig for studentene å søke faglig hjelp på fakultetets (RealTek) orakeltjeneste i undervisningsperioden.
Faglig veiledning og støtte gis i forbindelse med forelesninger og regneverksted. Nyttig informasjon legges også ut på kurshjemmesidene i Canvas.
I tillegg til regneverkstedet er det mulig for studentene å søke faglig hjelp på fakultetets (RealTek) orakeltjeneste i undervisningsperioden.
- Pensum
Kunngjøres i Canvas.
- Forutsatte forkunnskaper
Matematikk R1, S1 eller tilsvarende.
Spesielt: Enkel algebra med tall og bokstaver (inklusive brøkregning og de tre kvadratsetningene), prosentregning, enkel geometri i planet (inklusive Pytagoras setning), løsning av likninger med én ukjent og likningssystemer med to ukjente, kjennskap til lineære og kvadratiske funksjoner.
Matematikk R1, S1 eller tilsvarende.
Spesielt: Enkel algebra med tall og bokstaver (inklusive brøkregning og de tre kvadratsetningene), prosentregning, enkel geometri i planet (inklusive Pytagoras setning), løsning av likninger med én ukjent og likningssystemer med to ukjente, kjennskap til lineære og kvadratiske funksjoner.
- Vurderingsordning, hjelpemiddel og eksamen
3,5 timers skriftlig eksamen i Wiseflow.
Hjelpemiddelkode A2: ingen utdelt kalkulator, spesifiserte andre hjelpemidler.
Kalkulator vil være tilgjengelig i Wiseflow.
Skriftlig eksamen Karakterregel: Bokstavkarakterer  Hjelpemiddel: A2 Ingen kalkulator, spesifiserte andre hjelpemidler
3,5 timers skriftlig eksamen i Wiseflow.
Hjelpemiddelkode A2: ingen utdelt kalkulator, spesifiserte andre hjelpemidler.
Kalkulator vil være tilgjengelig i Wiseflow.
- Om bruk av KI
K1 - Ingen bruk av KI
Her finner du KI-kategoriene beskrevet.
- Sensorordning
Ekstern sensor vil bli brukt til å vurdere eksamensoppgaver.
- Obligatorisk aktivitet
Obligatoriske aktiviteter og oppgaver kunngjøres i Canvas.
Obligatoriske innleveringer må være godkjent i det pågående undervisningsåret.
Obligatoriske aktiviteter og oppgaver kunngjøres i Canvas.
Obligatoriske innleveringer må være godkjent i det pågående undervisningsåret.
- Merknader
Obligatoriske aktiviteter må være godkjent i det pågående undervisningsåret.
- Undervisningstider
4 timer forelesning og opptil 8 timer regneverksted.
- Overlapp
5 studiepoeng overlapp med ECN102
- Opptakskrav
MATRS - Generell studiekompetanse + R1 (eller S1)",NA,NA
"nmbu","nmbu",NA,"Studiepoeng:25
Ansvarlig fakultet:Fakultet for realfag og teknologi
Emneansvarlig:Margrethe Naalsund, Tonje Tomine Seland Strat, Ingvild Rennemo
Campus / nettbasert:Undervises campus Ås
Undervisningens språk:Norsk
Frekvens:Årlig
Forventet arbeidsmengde:Normert arbeidsmengde er 25 timer per studiepoeng. Arbeidet består av samlinger, praksisopplæring og arbeid med obligatoriske aktiviteter utenom samlinger.
Undervisnings- og vurderingsperiode:Emnet starter i augustblokka. Emnet har undervisning/vurdering i augustblokka, høstparallellen, januarblokka, vårparallellen, juniblokka.
## Om dette emnet
## Dette lærer du
Kunnskap
Kandidaten
- har kunnskap om fagområdets historie, fagets natur, egenart og plass i skolen og samfunnet
- har et variert repertoar av undervisningsstrategier og arbeidsmetoder i realfagene
- har god innsikt i utdanning for bærekraftig utvikling og hvordan denne undervisningen kan legges opp for å fremme elevers handlekraft
- har innsikt i ulike faglige utfordringer for elevgrupper i forskjellige skoleslag og studieretninger, og hvordan undervisning i fag kan tilrettelegges for ulike elever
- har kunnskap om fagets rolle i tverrfaglig samarbeid og hvordan det kan legges til rette for undervisning i de tre tverrfaglige temaene læreplanene vektlegger
- har kunnskap om yrkesretting av realfagene
- har kunnskap om hvordan det kan arbeides systematisk med grunnleggende ferdigheter og fagets språk: begreper, sjangre og representasjoner
Ferdigheter
Kandidaten
- kan analysere læreplaner og utvikle lokale fagplaner som grunnlag for planlegging, gjennomføring og vurdering av egen undervisning basert på skolens styringsdokumenter, forskning- og erfaringsbasert kunnskap
- kan lede og motivere elever i det faglige arbeidet og skape konstruktive og inkluderende læringsmiljø
- kan anvende ulike læringsarenaer, fenomener og elevers erfaringer som utgangspunkt for undervisning
- kan differensiere og tilpasse undervisning i faget ut fra et elevperspektiv og skape motiverende og inkluderende læringsmiljø
- kan bruke kjennetegn på måloppnåelse og gi gode faglige begrunnelser, samt ta i bruk et bredt spekter av vurderingsformer som bidrar til å fremme læring, og kunne bidra til at elevene kan reflekter over egen læring
- kan analysere læreplaner i fag og utvikle lokale planer, samt ha innsikt i sluttvurderingen i faget
- kan bruke varierte og relevante arbeidsmetoder, digitale verktøy og programmering for å fremme god læring
Generell kompetanse
Kandidaten
- kan skape en god sammenheng mellom lover og læreplanverk og undervisningen
- kan orientere seg i og reise kritiske spørsmål til informasjonskilder, lærebøker, eksisterende kunnskap og praksiser
- kan reflektere over og utvikle egen undervisningspraksis i fag
- kan kritisk reflektere over faglige, verdimessige og politiske spørsmål, særlig knyttet til utdanning for bærekraftig utvikling
- kan formidle fagdidaktiske problemstillinger, muntlig og skriftlig, på en reflektert måte
- Læringsaktiviteter
Emnet benytter ulike arbeidsformer og forutsetter studentaktivitet. Deler av emnet er direkte knyttet til de spesifikke skolefagene, mens andre deler har felles undervisning. Arbeidsformene er blant annet samarbeidsbasert, praksisbasert og erfaringsbasert med refleksjon over praksis og teori.
- Læringsstøtte
Studentene veiledes i de obligatoriske aktivitene. Studentene deltar i læringsgrupper i emnet.
- Pensum
Oversikt over litteratur er tilgjengelig på Canvas.
- Forutsatte forkunnskaper
Emnet er obligatorisk for studenter tatt opp til Lektorprogrammet i realfag, og det tilbys i 7. og 8. semester. Dette emnet forutsetter at studenten også har gjennomført PPXP100 i tillegg til emnegrupper i realfag, og tar PPRA301 (praksis) og PPPE301 (pedagogikk) ved siden av emnet i realfagdidaktikk (PPFD301).
- Vurderingsordning, hjelpemiddel og eksamen
Individuell muntlig eksamen. Karakterregel A-F.
En muntlig prøve Karakterregel: Bokstavkarakterer
- Om bruk av KI
K3 - Full bruk av KI. Bruk av KI er tillatt, men må være i tråd med retningslinjene for bruk av kunstig intelligens (KI) ved NMBU.
Studenten skal gjøre rede for hvordan og hvorfor KI er blitt brukt i arbeidet med den didaktiske oppgaven i emnet. Videre skal studenten drøfte hvordan og hvorfor det bidrar til utvikling av egen faglig og didaktisk forståelse. KI kan også anvendes i forberedelser til muntlig eksamen, men ikke under eksamen. Dersom KI er blitt brukt i forberedelse til muntlig eksamen, må studenten kunne svare for hvordan og hvorfor.
Her finner du KI-kategoriene beskrevet.
K3 - Full bruk av KI. Bruk av KI er tillatt, men må være i tråd med retningslinjene for bruk av kunstig intelligens (KI) ved NMBU.
Studenten skal gjøre rede for hvordan og hvorfor KI er blitt brukt i arbeidet med den didaktiske oppgaven i emnet. Videre skal studenten drøfte hvordan og hvorfor det bidrar til utvikling av egen faglig og didaktisk forståelse. KI kan også anvendes i forberedelser til muntlig eksamen, men ikke under eksamen. Dersom KI er blitt brukt i forberedelse til muntlig eksamen, må studenten kunne svare for hvordan og hvorfor.
Her finner du KI-kategoriene beskrevet.
- Sensorordning
Ekstern sensor godkjenner vurderingsordningene i emnet inkludert eksamensoppgavene. Ekstern sensor sensurerer muntlig eksamen.
- Obligatorisk aktivitet
Obligatoriske aktiviteter i emnet.
En fagdidaktisk oppgave.
Sikkerhetskurs.
Utfyllende informasjon om hvordan oppgaven er organisert ligger i Canvas.
Det er obligatorisk å være tilstede på minimum av 80% av undervisningen i samlingene i emnet.
Obligatoriske aktiviteter i emnet.
- En fagdidaktisk oppgave.
- Sikkerhetskurs.
Utfyllende informasjon om hvordan oppgaven er organisert ligger i Canvas.
Det er obligatorisk å være tilstede på minimum av 80% av undervisningen i samlingene i emnet.
- Undervisningstider
Emnet vil bli undervist i samlinger fordelt gjennom hele studieåret.
- Fortrinnsrett
M-LUN",NA,NA
"nmbu","nmbu",NA,"Studiepoeng:15
Ansvarlig fakultet:Fakultet for realfag og teknologi
Emneansvarlig:Edvin Østergaard, Erling Krogh
Campus / nettbasert:Undervises campus Ås
Undervisningens språk:Norsk
Antall plasser:35
Frekvens:Årlig, høstsemesteret.
Forventet arbeidsmengde:Arbeidsmengde for studentene: ca. 375 timer.
Undervisnings- og vurderingsperiode:LUR/Profesjonsmaster PPU, profil realfag: Emnet starter i høstparallellen og har undervisning og vurdering i høstparallellen.Profesjonsmaster PPU, profil naturbruk: Emnet har undervisning og vurdering i høstparallelen for heltidsstudenter og undervisning i høstparallelen og vurdering i vårparallelen for deltidsstudenter
LUR/Profesjonsmaster PPU, profil realfag: Emnet starter i høstparallellen og har undervisning og vurdering i høstparallellen.
Profesjonsmaster PPU, profil naturbruk: Emnet har undervisning og vurdering i høstparallelen for heltidsstudenter og undervisning i høstparallelen og vurdering i vårparallelen for deltidsstudenter
## Om dette emnet
Emnet tar for seg kvalitative og kvantitative metoder i utdanningsvitenskapelig forskning som redskaper for å forske i lærings- og undervisningspraksiser. Det legges vekt på at valg av forskningsmetoder forutsetter innsikt i både det virksomhetsområdet som forskningen dreier seg om og i forskerens deltagende rolle og faglige tilnærming. Felles tema i emnet er aksjonslæring/-forskning og forskningsmetoder som intervju, spørreskjema og observasjon, samt analysemetoder.
LUR/Profesjonsmaster PPU, profil realfag: Profilen vektlegger forskningsmetodenes forskningsetiske og vitenskapsteoretiske grunnlag. Særskilte tema i profilen er case-studiemetodikk, fenomenologi samt kvantitative metoder.
Profesjonsmaster PPU, profil naturbruk: Presentasjon av forskningsmetoder i profilen av emnet tar utgangspunkt i studentenes interesser i valg av tema og forskningsspørsmål i mastergradsoppgaven. Profilen gir kunnskaper om og erfaring med anerkjente vitenskapelige metoder som kan brukes i utforskning av egen lærerpraksis i tilretteleggelse for elevers læring og/eller av arbeid med utvikling av skolens tematiske fordypninger i programområde naturbruk. Videre redegjøres det for aksjonslæring som strategi for involvering av elever og samarbeid mellom kolleger i utforskningen.
## Dette lærer du
Etter gjennomført emne har kandidaten et grunnlag for å bruke utdanningsvitenskapelig forskningsmetodikk i egen masteroppgave.
LUR/Profesjonsmaster PPU, profil realfag:
Kunnskap: Kandidaten har kunnskap om forskningsmetoder og -metodiske problemstillinger relatert til faglige, pedagogiske og fagdidaktiske spørsmål.
Ferdighet: Kandidaten kan anvende kunnskapen i eget forskningsprosjekt. Kandidaten kan på et selvstendig og faglig grunnlag variere metoder fra forskning og faglig utviklingsarbeid.
Generell kompetanse: Kandidaten kan reflektere over fagdidaktiske, vitenskapsteoretiske, forskningsmetodiske og forskningsetiske problemstillinger.
Profesjonsmaster PPU, profil naturbruk:
Kunnskap: Studenten kan
- gjøre rede for og kritisk vurdere hvordan forskjellige kvalitative forskningsmetoder kan brukes i aksjonslæring knyttet til yrkesopplæring.
- begrunne valg av kvalitative forskningsmetoder som kan gi relevant dokumentasjon for å besvare forskningsspørsmål relatert til problemstillingen i masteroppgaven
Ferdigheter: Studenten kan
- bruke valgte anerkjente vitenskapelige forskningsmetoder for å skaffe relevant dokumentasjon for analyse i masteroppgaven.
Generell kompetanse: Studenten kan
- forklare, ivareta, overholde og reflektere omkring viktige etiske prinsipper ved bruk av kvalitative forkningsmetoder, som konfidensialitet, informert samtykke og hensyntaken til integriteteten til samtalepartnere/deltakere.
- Læringsaktiviteter
LUR/Profesjonsmaster PPU, profil realfag: Kurset er basert på undervisning på dagssamlinger, samt eget arbeid med oppgaver og teori mellom samlingene.
Profesjonsmaster PPU, profil naturbruk: Kurset er basert 4 fysiske samlinger på 2-3 dager samkjørt med PPUT 301, profil aksjonslæring. Samlingene vil ta utgangspunkt i praktiske øvelser knyttet til tilretteleggelse for læring i naturbruk og etterlesninger og refleksjoner omkring forskningsmetoder som kan brukes for å skaffe relevant datametariale for å kunne svare på problemstilling og forskningsspørsmål i masteroppgaven. Refleksjoner under og mellom samlinger og arbeidet med avsluttende innleveringsoppgave blir veiledet.
LUR/Profesjonsmaster PPU, profil realfag: Kurset er basert på undervisning på dagssamlinger, samt eget arbeid med oppgaver og teori mellom samlingene.
Profesjonsmaster PPU, profil naturbruk: Kurset er basert 4 fysiske samlinger på 2-3 dager samkjørt med PPUT 301, profil aksjonslæring. Samlingene vil ta utgangspunkt i praktiske øvelser knyttet til tilretteleggelse for læring i naturbruk og etterlesninger og refleksjoner omkring forskningsmetoder som kan brukes for å skaffe relevant datametariale for å kunne svare på problemstilling og forskningsspørsmål i masteroppgaven. Refleksjoner under og mellom samlinger og arbeidet med avsluttende innleveringsoppgave blir veiledet.
- Læringsstøtte
LUR/Profesjonsmaster PPU, profil realfag: Arbeidet med de to individuelle oppgavene støttes med veiledning fra lærere og medstudenter.
Profesjonsmaster PPU, profil naturbruk: Arbeidet med valg og bruk av forskningsmetoder knyttet til masteroppgaven samt med den avsluttende innleveringsoppgaven støttes med veiledning fra lærere, medstudenter og eventuelt av medstudenter som medforfattere om studenter velger å levere en gruppeoppgave.
LUR/Profesjonsmaster PPU, profil realfag: Arbeidet med de to individuelle oppgavene støttes med veiledning fra lærere og medstudenter.
Profesjonsmaster PPU, profil naturbruk: Arbeidet med valg og bruk av forskningsmetoder knyttet til masteroppgaven samt med den avsluttende innleveringsoppgaven støttes med veiledning fra lærere, medstudenter og eventuelt av medstudenter som medforfattere om studenter velger å levere en gruppeoppgave.
- Pensum
LUR/Profesjonsmaster PPU, profil realfag: Litteraturen består av to deler: en del felles veiledende litteratur (ca. 800 sider) som det vil bli arbeidet med i fellesskap, og en del selvvalgt litteratur (ca. 300 sider) som den enkelte student velger ut fra en fordypning i metoden knyttet til eget forskningsprosjekt.
Profesjonsmaster PPU, profil naturbruk: Litteraturen består av to deler. Lærerne og studentene tar for seg felles veiledningslitteratur (ca. 500 sider) gjennom gruppeprosesser, refleksjoner og oppfølgingslitteratur basert på praktiske øvelser. Selvvalgt litteratur (ca. 600 sider) velges av den enkelte student, eller av en gruppe studenter som velger å skrive sammen, basert på den valgte metoden eller de valgte metodene studenten eller studentgruppen skal bruke i eget forskningsprosjekt.
LUR/Profesjonsmaster PPU, profil realfag: Litteraturen består av to deler: en del felles veiledende litteratur (ca. 800 sider) som det vil bli arbeidet med i fellesskap, og en del selvvalgt litteratur (ca. 300 sider) som den enkelte student velger ut fra en fordypning i metoden knyttet til eget forskningsprosjekt.
Profesjonsmaster PPU, profil naturbruk: Litteraturen består av to deler. Lærerne og studentene tar for seg felles veiledningslitteratur (ca. 500 sider) gjennom gruppeprosesser, refleksjoner og oppfølgingslitteratur basert på praktiske øvelser. Selvvalgt litteratur (ca. 600 sider) velges av den enkelte student, eller av en gruppe studenter som velger å skrive sammen, basert på den valgte metoden eller de valgte metodene studenten eller studentgruppen skal bruke i eget forskningsprosjekt.
- Forutsatte forkunnskaper
LUR/Profesjonsmaster PPU, profil realfag: PPFD301, PPPE301 og undervisningskompetanse i realfag.
Profesjonsmaster PPU, profil naturbruk: PPFD301, PPFY300, PPYD300 eller tilsvarende. PPPE301, PPPE302 eller tilsvarende. Undervisningskompetanse i programfag i naturbruk og/eller i realfag
LUR/Profesjonsmaster PPU, profil realfag: PPFD301, PPPE301 og undervisningskompetanse i realfag.
Profesjonsmaster PPU, profil naturbruk: PPFD301, PPFY300, PPYD300 eller tilsvarende. PPPE301, PPPE302 eller tilsvarende. Undervisningskompetanse i programfag i naturbruk og/eller i realfag
- Vurderingsordning, hjelpemiddel og eksamen
LUR/Profesjonsmaster PPU, profil realfag: Skriftlig oppgave. Karakterregel: bestått/ikke bestått
Profesjonsmaster PPU, profil naturbruk: Innleveringsoppgave som kan være i multimodal form og leveres individuelt eller av en gruppe studenter. Karakterregel: bestått/ikke bestått
Oppgave for heltidsstudenter Karakterregel: Bestått/ Ikke bestått
LUR/Profesjonsmaster PPU, profil realfag: Skriftlig oppgave. Karakterregel: bestått/ikke bestått
Profesjonsmaster PPU, profil naturbruk: Innleveringsoppgave som kan være i multimodal form og leveres individuelt eller av en gruppe studenter. Karakterregel: bestått/ikke bestått
- Om bruk av KI
LUR/Profesjonsmaster PPU, profil realfag: I emnet tillates full bruk av KI (nivå K3). Studenten skal gjøre rede for hvordan og hvorfor KI er blitt brukt i arbeidet med de to skriftlige oppgavene i emnet. Videre skal studenten drøfte hvordan og hvorfor KI-bruk bidrar til utvikling av egen faglig og forskningsmetodisk kompetanse.
Profesjonsmaster PPU, profil naturbruk: I emnet tillates full bruk av KI (nivå K3). Studenten skal begrunne hvorfor KI eventuelt er blitt brukt og gjøre rede for hvordan KI i tilfelle er brukt og hva KI da har bidratt med i arbeidet med innleveringsoppgaven.
Her finner du KI-kategoriene beskrevet.
LUR/Profesjonsmaster PPU, profil realfag: I emnet tillates full bruk av KI (nivå K3). Studenten skal gjøre rede for hvordan og hvorfor KI er blitt brukt i arbeidet med de to skriftlige oppgavene i emnet. Videre skal studenten drøfte hvordan og hvorfor KI-bruk bidrar til utvikling av egen faglig og forskningsmetodisk kompetanse.
Profesjonsmaster PPU, profil naturbruk: I emnet tillates full bruk av KI (nivå K3). Studenten skal begrunne hvorfor KI eventuelt er blitt brukt og gjøre rede for hvordan KI i tilfelle er brukt og hva KI da har bidratt med i arbeidet med innleveringsoppgaven.
Her finner du KI-kategoriene beskrevet.
- Sensorordning
LUR/Profesjonsmaster PPU, profil realfag: Emneansvarlig og en intern sensor godkjenner opplegget for eksamen og kriterier for bedømmelse og foretar sensur av studentenes avsluttende oppgave. Ekstern sensur finner sted hvert tredje år.
Profesjonsmaster PPU, profil naturbruk: Emneansvarlig og en intern sensor godkjenner opplegget for eksamen og kriterier for bedømmelse og foretar sensur av studentenes avsluttende oppgave.
LUR/Profesjonsmaster PPU, profil realfag: Emneansvarlig og en intern sensor godkjenner opplegget for eksamen og kriterier for bedømmelse og foretar sensur av studentenes avsluttende oppgave. Ekstern sensur finner sted hvert tredje år.
Profesjonsmaster PPU, profil naturbruk: Emneansvarlig og en intern sensor godkjenner opplegget for eksamen og kriterier for bedømmelse og foretar sensur av studentenes avsluttende oppgave.
- Obligatorisk aktivitet
LUR/Profesjonsmaster PPU, profil realfag: Deltakelse på samlinger med krav om minimum 80% oppmøte. Individuell skriftlig oppgave, vurderes godkjent/ikke godkjent.
Profesjonsmaster PPU, profil naturbruk: Deltakelse på samlinger med krav om minimum 70 % oppmøte. Innleveringsoppgaven kan være i multimodal form, kan leveres individuelt eller i gruppe og skal vurderes som godkjent/ikke godkjent.
LUR/Profesjonsmaster PPU, profil realfag: Deltakelse på samlinger med krav om minimum 80% oppmøte. Individuell skriftlig oppgave, vurderes godkjent/ikke godkjent.
Profesjonsmaster PPU, profil naturbruk: Deltakelse på samlinger med krav om minimum 70 % oppmøte. Innleveringsoppgaven kan være i multimodal form, kan leveres individuelt eller i gruppe og skal vurderes som godkjent/ikke godkjent.
- Undervisningstider
LUR/Profesjonsmaster PPU, profil realfag: Oversikt over samlingene vil bli lagt fram i juni 2025
Profesjonsmaster PPU, profil naturbruk: Kurset har fire fysiske samlinger på 2-3 dager samkjørt med PPUT 301, profil aksjonslæring.
LUR/Profesjonsmaster PPU, profil realfag: Oversikt over samlingene vil bli lagt fram i juni 2025
Profesjonsmaster PPU, profil naturbruk: Kurset har fire fysiske samlinger på 2-3 dager samkjørt med PPUT 301, profil aksjonslæring.
- Fortrinnsrett
LUR/Profesjonsmaster PPU, profil realfag: M-LUN (LUR) og M-PPU (Profesjonsmaster PPU, profil realfag)
Profesjonsmaster PPU, profil naturbruk: Profesjonsmaster PPU, profil naturbruk
LUR/Profesjonsmaster PPU, profil realfag: M-LUN (LUR) og M-PPU (Profesjonsmaster PPU, profil realfag)
Profesjonsmaster PPU, profil naturbruk: Profesjonsmaster PPU, profil naturbruk",NA,NA
"nmbu","nmbu",NA,"Studiepoeng:25
Ansvarlig fakultet:Fakultet for realfag og teknologi
Emneansvarlig:Anja Skrepstad Amundrud
Campus / nettbasert:Undervises campus Ås
Undervisningens språk:Norsk
Frekvens:Årlig
Forventet arbeidsmengde:Normert arbeidsmengde er 25 timer per studiepoeng. Arbeidet består av samlinger og arbeid med obligatoriske aktiviteter utenom samlinger.
Undervisnings- og vurderingsperiode:Emnet starter i augustblokka. Emnet har undervisning/vurdering i augustblokka, høstparallellen, januarblokka, vårparallellen, juniblokka.
## Om dette emnet
Pedagogikkfaget gir et kunnskapsgrunnlag som skal bidra til at studentene utvikler en profesjonsidentitet som hviler på profesjonsetiske prinsipper slik at de kan bidra til utvikling av en mangfoldig og inkluderende opplæring.
Faget omfatter forskningsbaserte perspektiver på hvordan bidra til elevers identitetsutvikling, danning og læring. Det skal bidra til at de fremtidige lærerne kan vurdere utdanningsspørsmål både profesjonelt og etisk. Med dette legges vekt på lærerens bidrag til elevers utvikling som individer, medmennesker og aktive deltakere i demokrati og samfunnsutvikling. Pedagogikkfaget forholder seg til opplæringsloven, gjeldende læreplanverk for grunnopplæringen og samfunnets behov. Faget skal inspirere til utvikling og fornyelse av pedagogisk arbeid
Ved NMBU er pedagogikkfaget knyttet til lærerutdanningens visjon om utdanning for bærekraftig utvikling, med vekt på et flerstemmig læringsfellesskap.
## Dette lærer du
Kunnskaper
Kandidaten
- har kunnskap om skolens mandat, opplæringens verdigrunnlag og utdanningshistorie
- har kunnskap om vitenskapelige problemstillinger, forskningsteorier og metoder i faglige pedagogiske spørsmål
- kan gjøre rede for skolen som organisasjon, samt gjeldende lover og læreplanverk for profesjonsutøvelsen
- har kunnskap om sammenhengen mellom klasseledelse, undervisning og et inkluderende læringsfellesskap
- har forskningsbasert kunnskap om sentrale dannings-,lærings-, utviklings- og motivasjonsteoretiske perspektiver
- har kunnskap om sammenhenger mellom individuelle, sosiale og kulturelle faktorer i et mangfoldig læringsfellesskap
- har kjennskap til samiske utdanningshistorie, samiske barns og unges rett til opplæring i og på samisk, samt forhold og statusen urfolk har nasjonalt og internasjonalt,
- har kunnskap om vanskelige livssituasjoner og problemstillinger som barn og unge kan komme i, herunder kunnskap om vold og seksuelle overgrep mot barn og unge, om deres rettigheter i et nasjonalt og internasjonalt perspektiv og om hvordan sette i gang nødvendige tiltak etter gjeldende lovverk
Ferdigheter
Kandidaten
- kan analysere og drøfte innhold og utfordringer i lovverk, læreplaner og styringsdokumenter som utgangspunkt for egen profesjonsutøvelse
- kan analysere og drøfte forskningsbaserte arbeidsmetoder i differensiert og tilpasset opplæring i samsvar med gjeldende læreplanverk
- kan analysere og drøfte egen evne til å skape motiverende, konstruktive og inkluderende læringsmiljø som tar høyde for elevmangfoldet
- kan analysere og drøfte egen evne til å veilede og gi læringsfremmende tilbakemeldinger og bidra til at elevene kan reflektere over egen læring og egen faglige utvikling
- kan analysere og drøfte egen evne til å bygge relasjoner med, kommunisere og samarbeide med elever, kolleger, foresatte og instanser som støtter skolen
- kan identifisere og analysere problemstillinger som gjelder utdanning for bærekraftig fremtid i et flerstemmig læringsfellesskap
Generell kompetanse
Kandidaten
- kan orientere seg i faglitteratur, reise relevante spørsmål, utforske disse kritisk og utvikle sin egen profesjonelle praksis
- kan videreutvikle egen kompetanse og bidra til et lærende profesjonsfellesskap
- kan reise relevante kritiske spørsmål til informasjonskilder og eksisterende teorier
- kan opptre profesjonelt og kritisk reflektere over og analysere faglige, profesjonsetiske, forskningsetiske og utdanningspolitiske spørsmål og problemstillinger
- kan bidra til gode psykososiale læringsmiljø samt forebygge mobbing og utføre aktivitetsplikten.
- Læringsaktiviteter
## Læringsaktiviteter
Litteraturstudier og oppgaveskriving er sentrale arbeidsmåter.
Introduksjoner til faglige analyser, diskusjoner og refleksjon over praksis og teori.
Arbeid i ulike grupper der studentene lærer av og veileder hverandre. Studentmedvirkning er viktig.
## Læringsaktiviteter
- Litteraturstudier og oppgaveskriving er sentrale arbeidsmåter.
- Introduksjoner til faglige analyser, diskusjoner og refleksjon over praksis og teori.
- Arbeid i ulike grupper der studentene lærer av og veileder hverandre. Studentmedvirkning er viktig.
- Læringsstøtte
Læringsstøtte:
Studenten veiledes i de obligatoriske aktivitetene både av lærere og medstudenter.
Læringsstøtte:
- Studenten veiledes i de obligatoriske aktivitetene både av lærere og medstudenter.
- Pensum
Oversikt er tilgjengelig i Canvas ved emnets start.
- Forutsatte forkunnskaper
Emnet er obligatorisk for studenter tatt opp til studieprogrammet LUR. Dette emnet forutsetter at studenten har bestått emnene PPXP100, PPRA200, PPRA201 og emnegrupper i realfag.
Gode norskkunnskaper, muntlig og skriftlig, er påkrevet.
Emnet er obligatorisk for studenter tatt opp til studieprogrammet LUR. Dette emnet forutsetter at studenten har bestått emnene PPXP100, PPRA200, PPRA201 og emnegrupper i realfag.
Gode norskkunnskaper, muntlig og skriftlig, er påkrevet.
- Vurderingsordning, hjelpemiddel og eksamen
Samlet vurdering: Vurderingen består av en individuell semesteroppgave (et pedagogisk refleksjonsnotat) som teller 40% og en muntlig prøve som teller 60%.
Vurderingsuttrykk: A-F.
Muntlig eksamen Karakterregel: Bokstavkarakterer   Innlevering Karakterregel: Bokstavkarakterer
Samlet vurdering: Vurderingen består av en individuell semesteroppgave (et pedagogisk refleksjonsnotat) som teller 40% og en muntlig prøve som teller 60%.
Vurderingsuttrykk: A-F.
- Om bruk av KI
K3 - Full bruk av KI. Bruk av KI er tillatt, men må være i tråd med retningslinjene for bruk av kunstig intelligens (KI) ved NMBU.
Studenten skal kunne gjøre rede for hvordan og hvorfor KI er blitt brukt i arbeidet med de to skriftlige oppgavene i emnet.  KI kan også anvendes i forberedelser til muntlig eksamen, men ikke under selve eksamen. Dersom KI er blitt brukt i forberedelsen til eksamen, må studenten kunne svare på hvordan og hvorfor.
Her finner du KI-kategoriene beskrevet.
K3 - Full bruk av KI. Bruk av KI er tillatt, men må være i tråd med retningslinjene for bruk av kunstig intelligens (KI) ved NMBU.
Studenten skal kunne gjøre rede for hvordan og hvorfor KI er blitt brukt i arbeidet med de to skriftlige oppgavene i emnet.  KI kan også anvendes i forberedelser til muntlig eksamen, men ikke under selve eksamen. Dersom KI er blitt brukt i forberedelsen til eksamen, må studenten kunne svare på hvordan og hvorfor.
Her finner du KI-kategoriene beskrevet.
- Sensorordning
Ekstern sensor godkjenner vurderingsordningen knyttet til de obligatoriske aktivitetene, selve eksamensoppgaven og sensurerer begge eksamensdelene.
- Obligatorisk aktivitet
1. Et pedagogisk utviklingsprosjekt som er gruppebasert. Vurdering: Godkjent/Ikke godkjent. Utfyllende informasjon finnes i Canvas.
2. Deltakelse i minimum av 80% av undervisningen.
1. Et pedagogisk utviklingsprosjekt som er gruppebasert. Vurdering: Godkjent/Ikke godkjent. Utfyllende informasjon finnes i Canvas.
2. Deltakelse i minimum av 80% av undervisningen.
- Undervisningstider
Emnet er samlingsbasert.
- Fortrinnsrett
M-LUN",NA,NA
"nmbu","nmbu",NA,"Ansvarlig fakultet:Fakultet for realfag og teknologi
Emneansvarlig:Nina Elisabeth Arnesen
Campus / nettbasert:Undervises campus Ås
Undervisningens språk:Norsk
Antall plasser:35
Frekvens:Årlig. Gis siste gang våren i studieår 2026/2027.
Forventet arbeidsmengde:15 dager. Tilsvarende en lærers arbeidsplan utgjør dette i størrelsesorden 150 arbeidstimer, som inkluderer undervisning, forberedelse, vurderingsarbeid, møte- og samarbeidstid samt tid til faglig utviklingsarbeid. Arbeidstiden tilsvarer en lærers arbeidstid i full stilling.
Undervisnings- og vurderingsperiode:Emnet starter i augustblokk. Emnet har undervisning/vurdering i augustblokk, høstparallell, januarblokk, vårparallell og juniblokk. Se detaljplan for emnet i Canvas.
Emnet starter i augustblokk. Emnet har undervisning/vurdering i augustblokk, høstparallell, januarblokk, vårparallell og juniblokk.
Se detaljplan for emnet i Canvas.
## Om dette emnet
Emnet består av 15 dager veiledet praksisopplæring i skolen eller annen undervisningsinstitusjon. Studentene deltar i planlegging, gjennomføring og vurdering av undervisningen i samarbeid med praksislærere og medstudenter. Inkludert i emnet er inntil 2 dager for- og etterarbeid på campus.
All praksisopplæring skal skje i autentiske yrkessituasjoner med elever/studenter. Praksisopplæringen skal knyttes til fag studenten vil få undervisningskompetanse i.
All undervisning i praksisopplæringen skal planlegges og veiledes.
## Dette lærer du
Studentene skal ha læringsutbytte innen fagområdene pedagogikk og fagdidaktikk, både teoretisk og praktisk.
Kunnskap
- har kunnskap om hvordan en legger til rette for tilpasset opplæring i undervisningsfaget med basis i læreplaner og didaktisk relasjonstenkning.
- har et variert repertoar av undervisningsstrategier i faget, og bruker varierte arbeidsmåter og læremidler i faget for å legge til rette for elevenes læreprosesser
- Ha erfaringsbasert kunnskap om elevers læring i faget
Ferdigheter
- Kan anvende, begrunne og variere et utvalg av undervisningsformer
- justere læringsaktiviteter ved behov og legge til rette for elevmedvirkning
Generell kompetanse
- Kan reflektere over egen og andres praksis
- Kan reflektere over innholdet i opplæringen og elevenes læring i lys av aktuelle læreplaner og teori
- Kan videreutvikle sin kompetanse gjennom didaktisk- og pedagogisk faglitteratur.
- Læringsaktiviteter
Studenten skal delta i planlegging, gjennomføring og refleksjon over undervisning.
Studenten skriver en plan for hele praksisperioden i starten, og planer for hver undervisningsøkt, disse brukes som grunnlag for veiledning. Studenten anbefales også å skrive logger fra praksisopplæringen som grunnlag for refleksjoner i praksisrapporten.
Studenten skal delta i planlegging, gjennomføring og refleksjon over undervisning.
Studenten skriver en plan for hele praksisperioden i starten, og planer for hver undervisningsøkt, disse brukes som grunnlag for veiledning. Studenten anbefales også å skrive logger fra praksisopplæringen som grunnlag for refleksjoner i praksisrapporten.
- Læringsstøtte
Studentens læring støttes gjennom før-, underveis- og etterveiledning av praksislærer. Lærerne fra NMBU er ansvarlige for veiledning og godkjenning av praksisrapport og godkjenning av plan for praksis.
- Pensum
Oversikt ligger på læringsplattformen Canvas.
- Forutsatte forkunnskaper
PPXP100
- Vurderingsordning, hjelpemiddel og eksamen
Praksislærere/praksisskole har hovedansvaret for vurderingene av praksisopplæringen, mens Institutt for lærerutdanning og utdanningsvitenskap står for den avsluttende vurderingen.
Vurderingsutrykk: Bestått/Ikke bestått.
Praksis Karakterregel: Bestått/ Ikke bestått
Praksislærere/praksisskole har hovedansvaret for vurderingene av praksisopplæringen, mens Institutt for lærerutdanning og utdanningsvitenskap står for den avsluttende vurderingen.
Vurderingsutrykk: Bestått/Ikke bestått.
- Om bruk av KI
K3 - Full bruk av KI. Bruk av KI er tillatt, men må være i tråd med retningslinjene for bruk av kunstig intelligens (KI) ved NMBU.
Studenten skal gjøre rede for hvordan og hvorfor KI er blitt brukt i arbeidet med praksisrapporten. Videre skal studenten drøfte hvordan og hvorfor KI-bruk bidrar til utvikling av egen faglig og didaktisk forståelse og praksisteori.
Her finner du KI-kategoriene beskrevet.
K3 - Full bruk av KI. Bruk av KI er tillatt, men må være i tråd med retningslinjene for bruk av kunstig intelligens (KI) ved NMBU.
Studenten skal gjøre rede for hvordan og hvorfor KI er blitt brukt i arbeidet med praksisrapporten. Videre skal studenten drøfte hvordan og hvorfor KI-bruk bidrar til utvikling av egen faglig og didaktisk forståelse og praksisteori.
Her finner du KI-kategoriene beskrevet.
- Sensorordning
Sensorer er praksislærere og skolens ledelse der studentene er i praksisperiodene. Praksislærer setter karakteren bestått/ikke bestått for praksisperioden. Emneansvarlig fastsetter sluttkarakteren bestått/ikke bestått i emnet på bakgrunn av praksislærernes vurderinger.
Gjennom praksisopplæringen skjer også en kontinuerlig skikkethetsvurdering av studentene, jf. U- og H-loven og forskrift gitt av departementet.
Sensorer er praksislærere og skolens ledelse der studentene er i praksisperiodene. Praksislærer setter karakteren bestått/ikke bestått for praksisperioden. Emneansvarlig fastsetter sluttkarakteren bestått/ikke bestått i emnet på bakgrunn av praksislærernes vurderinger.
Gjennom praksisopplæringen skjer også en kontinuerlig skikkethetsvurdering av studentene, jf. U- og H-loven og forskrift gitt av departementet.
- Obligatorisk aktivitet
Obligatorisk deltakelse på inntil to dager for- og etterarbeid på campus.
Obligatoriske innleveringer i tilknytning til de 15 dagene med praksisopplæring
Plan i forkant av praksisopplæringsperioden.
Praksisrapport etter avsluttet praksisopplæringsperiode.
Praksislærers vurdering av studenten signert av praksislærer, ledelse ved skolen og student
Obligatorisk deltakelse på inntil to dager for- og etterarbeid på campus.
Obligatoriske innleveringer i tilknytning til de 15 dagene med praksisopplæring
- Plan i forkant av praksisopplæringsperioden.
- Praksisrapport etter avsluttet praksisopplæringsperiode.
- Praksislærers vurdering av studenten signert av praksislærer, ledelse ved skolen og student
- Merknader
Emnet går siste gang studieåret 2025/26. Det vil imidlertid opprettes særskilt protokoll for vurdering også i 2026/27.
- Undervisningstider
Emnet består av 15 dager med veiledet praksisopplæring. En dag skal tilsvare en lærers arbeidsdag i arbeidsmengde, men med noe færre undervisningstimer. Alle timene studentene deltar i ved aktivt å observere og/eller gjennomføre undervisning skal være veiledet.
Det er inntil to dagers for- og etterarbeid på campus.
Emnet består av 15 dager med veiledet praksisopplæring. En dag skal tilsvare en lærers arbeidsdag i arbeidsmengde, men med noe færre undervisningstimer. Alle timene studentene deltar i ved aktivt å observere og/eller gjennomføre undervisning skal være veiledet.
Det er inntil to dagers for- og etterarbeid på campus.
- Fortrinnsrett
M-LUN",NA,NA
"nmbu","nmbu",NA,"Ansvarlig fakultet:Fakultet for realfag og teknologi
Emneansvarlig:Hans Erik Lefdal
Campus / nettbasert:Undervises campus Ås
Undervisningens språk:Norsk
Antall plasser:35
Frekvens:Årlig
Forventet arbeidsmengde:60 dager. Tilsvarende en lærers arbeidsplan utgjør dette i størrelsesorden 500 arbeidstimer, som inkluderer undervisning, forberedelse, vurderingsarbeid, møte- og samarbeidstid samt tid til faglig utviklingsarbeid. Arbeidstiden tilsvarer en lærers arbeidstid i full stilling.
Undervisnings- og vurderingsperiode:Emnet starter i augustblokka. Emnet har undervisning/vurdering i augustblokka, høstparallellen, januarblokka, vårparallellen, juniblokka,
## Om dette emnet
## Dette lærer du
Kunnskap
Kandidaten
- Har kunnskap om faget og dets rolle i skolen og hvordan opplæringen kan yrkesrettes.
- Har erfaringsbasert kunnskap om elevers læringsprosesser.
- Har erfaringsbasert kunnskap om vurdering av elevers læring i fag.
- Har erfaringsbasert kunnskap om samspillet mellom elever og mellom elever og lærer 8. til 13. trinn.
- Har erfaringsbasert kunnskap om skoleledelse, klasseledelse, teamarbeid og skole-hjem-samarbeid
- Har erfaringsbasert kunnskap om utviklingsarbeid i skolen.
- Har erfaringsbasert kunnskap om hvordan utdanning for bærekraftig utvikling kan tilrettelegges
- Har kunnskap om lærerens rolle, rettigheter og plikter.
- har erfaringsbasert kunnskap om læringsstrategier, læringsarenaer og arbeidsmetoder relatert til fagets egenart og til tverrfaglig temaer.
Ferdigheter
Kandidaten
- kan lede og legge til rette for undervisningsforløp som fører til gode faglige og psyko-sosiale læringsprosesser.
- kan planlegge, gjennomføre, tilpasse og vurdere opplæring for en mangfoldig elevgruppe i henhold til lov- og planverk.
- kan lede tverrfaglige læringsprosesser i sammensatte problemstillinger, spesielt med vekt på bærekraftig utvikling.
- kan anvende, begrunne og variere mellom et bredt utvalg av undervisnings- og vurderingsformer.
- kan justere læringsaktiviteter ved behov og legge til rette for elevmedvirkning.
- kan inngå samarbeid med kolleger/ledelse for å legge til rette for undervisning for elever med særskilte behov, og melde fra ved mistanke om rus og vold.
- kan beherske relevante faglige verktøy, teknikker og uttrykksformer, og reflektere over egen yrkesutøvelse og justere denne under veiledning.
- kan bruke digitale verktøy og ressurser faglig og administrativt.
- kan bidra til at fagene praksis- og yrkesrettes gjennom elevenes interesser og i samarbeid med kollegaer og relevante aktører i arbeidslivet.
Generell kompetanse
Kandidaten
- Kan reflektere over og kritisk vurdere, innholdet i opplæring og elevenes læring i lys av aktuelle læreplaner.
- Kan tydelig formidle identitet og stolthet over fag/yrke.
- Kan ta ansvar for å reflektere over egen utvikling som lærer og delta profesjonelt i samarbeid og utviklingsarbeid i opplæringen
- Kan bygge gode relasjoner og kommunisere godt med elever
- Kan samarbeide og kommunisere godt med kollegaer, foreldre og andre profesjoner i skolen
- kan kritisk reflektere over faglige, etiske og politiske spørsmål, blant annet utdanning for bærekraftig utvikling.
- kan bidra til endringsprosesser og samarbeid om faglig og pedagogisk nytenkning i skolen og involvere lokalt samfunns-, arbeids- og kulturliv i opplæringen.
- kan relflektere om skolen som organisasjon.
- kan kritisk reflektere over bruk av digitale verktøy i opplæringen.
- Læringsaktiviteter
Praksisopplæringen skal gi innsikt i en lærers arbeidsdag og skolens virksomhet. Den skal være veiledet og foregå i skolen. Studenten får øvelse i å jobbe selvstendig og kollegialt som lærer. For hver undervisningsøkt skal studenten planlegge, gjennomføre og vurdere sin undervisning i samarbeid med praksislærer.
Studenten skal utarbeide planer og rapporter for hver praksisperiode. Det anbefales å skrive logg i praksisopplæringsperioden. Studenten skal reflektere gjennomgående rundt læringsutbytte i emnet, sammen med medstudenter, praksislærere og ansatte ved universitetet.
Praksisopplæringen skal gi innsikt i en lærers arbeidsdag og skolens virksomhet. Den skal være veiledet og foregå i skolen. Studenten får øvelse i å jobbe selvstendig og kollegialt som lærer. For hver undervisningsøkt skal studenten planlegge, gjennomføre og vurdere sin undervisning i samarbeid med praksislærer.
Studenten skal utarbeide planer og rapporter for hver praksisperiode. Det anbefales å skrive logg i praksisopplæringsperioden. Studenten skal reflektere gjennomgående rundt læringsutbytte i emnet, sammen med medstudenter, praksislærere og ansatte ved universitetet.
- Læringsstøtte
Studentenes læring støttes gjennom før-, underveis- og etterveiledning av praksislærer. Videre støttes studentenes læring gjennom veiledning av praksisplaner og praksisbesøk av lærerne i lektorprogrammet ved NMBU.
- Pensum
Praksisopplæringen er en integrert del av profesjonsfagene, og det teoretiske grunnlaget er knyttet til litteratur i pedagogikk og fagdidaktikk.
All litteratur tilknyttet emnet, inkludert praksisdokumenter og informasjonsskriv tilknyttet praksisopplæringen, er tilgjengelig i Canvas.
Praksisopplæringen er en integrert del av profesjonsfagene, og det teoretiske grunnlaget er knyttet til litteratur i pedagogikk og fagdidaktikk.
All litteratur tilknyttet emnet, inkludert praksisdokumenter og informasjonsskriv tilknyttet praksisopplæringen, er tilgjengelig i Canvas.
- Forutsatte forkunnskaper
Emnet forutsetter solid kompetanse i fag 1 og 2.
- Vurderingsordning, hjelpemiddel og eksamen
Praksis. Karakteruttrykk: Bestått/ikke bestått
Praksislærerne/praksisskolen har hovedansvaret for vurdering av praksisopplæringen, mens NMBU står for den avsluttende vurderingen. Praksisperiodene må være vurdert til bestått for å få emnet vurdert til bestått. Dersom studenten ikke består en praksisperiode, kan samme periode gjennomføres bare en gang til. En praksisperiode defineres som den praksisopplæring studentene har på ett praksissted i løpet av ett semester.
Gjennom praksisopplæringen skjer også en kontinuerlig skikkethetsvurdering av studentene, jf. UH-loven og forskrift om skikkethet.
Praksis Karakterregel: Bestått/ Ikke bestått
Praksis. Karakteruttrykk: Bestått/ikke bestått
Praksislærerne/praksisskolen har hovedansvaret for vurdering av praksisopplæringen, mens NMBU står for den avsluttende vurderingen. Praksisperiodene må være vurdert til bestått for å få emnet vurdert til bestått. Dersom studenten ikke består en praksisperiode, kan samme periode gjennomføres bare en gang til. En praksisperiode defineres som den praksisopplæring studentene har på ett praksissted i løpet av ett semester.
Gjennom praksisopplæringen skjer også en kontinuerlig skikkethetsvurdering av studentene, jf. UH-loven og forskrift om skikkethet.
- Om bruk av KI
K3 - Full bruk av KI. Bruk av KI er tillatt, men må være i tråd med retningslinjene for bruk av kunstig intelligens (KI) ved NMBU.
Studenten skal gjøre rede for hvordan og hvorfor KI er blitt brukt i arbeidet med de skriftlige innleveringene i emnet. Videre skal studenten drøfte hvordan og hvorfor KI-bruk bidrar til utvikling av egen faglig forståelse og praksisteori.
Her finner du KI-kategoriene beskrevet.
K3 - Full bruk av KI. Bruk av KI er tillatt, men må være i tråd med retningslinjene for bruk av kunstig intelligens (KI) ved NMBU.
Studenten skal gjøre rede for hvordan og hvorfor KI er blitt brukt i arbeidet med de skriftlige innleveringene i emnet. Videre skal studenten drøfte hvordan og hvorfor KI-bruk bidrar til utvikling av egen faglig forståelse og praksisteori.
Her finner du KI-kategoriene beskrevet.
- Sensorordning
Eksterne sensorer er praksislærere og skolens ledelse der studentene er i praksisperiodene. Praksisskole setter karakteren bestått/ikke bestått for hver praksisperiode. Emneansvarlig fastsetter sluttkarakteren i emnet på bakgrunn av praksislærernes vurderinger.
- Obligatorisk aktivitet
Praksisopplæring i skole i til sammen 60 dager.
Plan for praksis: Leveres i løpet av første praksisuke hvert semester.
Vurdering av praksis: En signert versjon leveres etter endt praksisperiode.
Besøksrapport: Leveres etter besøk fra NMBUs lærerutdanning.
Praksisopplæring i skole i til sammen 60 dager.
- Plan for praksis: Leveres i løpet av første praksisuke hvert semester.
- Vurdering av praksis: En signert versjon leveres etter endt praksisperiode.
- Besøksrapport: Leveres etter besøk fra NMBUs lærerutdanning.
- Undervisningstider
Emnet består av 60 dager med veiledet praksisopplæring.
- Fortrinnsrett
M-LUN
- Opptakskrav
Realfag",NA,NA
"nmbu","nmbu",NA,"Studiepoeng:20
Ansvarlig fakultet:Fakultet for realfag og teknologi
Emneansvarlig:Erling Krogh, Birgitte Bjønness
Campus / nettbasert:Undervises campus Ås
Undervisningens språk:Norsk
Antall plasser:35
Frekvens:Årlig
Forventet arbeidsmengde:ca. 500 timer.Profesjonsmaster PPU, profil aksjonslæring: ca. 375 timer, 15 stp.
ca. 500 timer.
Profesjonsmaster PPU, profil aksjonslæring: ca. 375 timer, 15 stp.
Undervisnings- og vurderingsperiode:LUR/Profesjonsmaster PPU, profil realfag: Emnet starter i slutten av augustblokken. Denne profilen har undervisning i høstparallellen og vurdering i høstparallellen.Profesjonsmaster PPU, profil naturbruk: Profilen har oppstart tidlig i høstparallellen. All undervisning foregår i høstparallellen. For heltidsstudenter er fristen for innlevering av den obligatoriske oppgaven i høstparallellen. For deltidsstudenter er fristen for innlevering i vårsemesteret
LUR/Profesjonsmaster PPU, profil realfag: Emnet starter i slutten av augustblokken. Denne profilen har undervisning i høstparallellen og vurdering i høstparallellen.
Profesjonsmaster PPU, profil naturbruk: Profilen har oppstart tidlig i høstparallellen. All undervisning foregår i høstparallellen. For heltidsstudenter er fristen for innlevering av den obligatoriske oppgaven i høstparallellen. For deltidsstudenter er fristen for innlevering i vårsemesteret
## Om dette emnet
Emnet skal gi grunnlag for å utvikle forskningsmessige forankringer og tilnærminger som kan brukes i arbeidet med masteroppgaven. Tilretteleggelsen for studentenes læring kokretiseres ved å ta utgangspunkt i studentenes egne problemstillinger og forskningsspørsmål.
LUR/Profesjonsmaster PPU, profil realfag: I emnet skal studenten utvikle et selvstendig ståsted i realfagdidaktikk gjennom litteraturstudier, diskusjon i grupper, skriftlig og muntlig oppgave. En viktig hensikt med denne profilen av emnet er å legge grunnlag for masteroppgavens litteraturgjennomgang. Hvis tre eller flere studenter er meldt opp i emnet vil undervisningen bestå av seminarer hvor studentene veksler på å legge fram, drøfte og gi tilbakemelding på litteratur/teori og egne tekster.
Profesjonsmaster PPU, profil naturbruk: Denne profilen skal gi grunnleggende kompetanse i å drive utviklingsarbeid og/eller utviklingsforskning med aksjonslæring som strategi. Studentene skal, fortrinnsvis i grupper på to eller tre studenter, undersøke og starte et endrings- og utviklingsarbeid, enten knyttet til studentenes praksis med tilretteleggelse for læring i naturbruk eller knyttet til arbeid med å utvikle skolenes profiler i programområde naturbruk. Målet er at studentene gjennom endrings- og utviklingsarbeidet skaper et utgangspunkt for masteroppgaven, for eksempel gjennom å planlegge gjennomføre og evaluere et utprøvingsprosjekt knyttet til problemstillinger og forskningsspørsmål i masteroppgaven. Hensikten er også å istandsette studentene til å kunne velge og begrunne valg av yrkespedagogiske perspektiver for å belyse og drøfte endrings- og utviklingsarbeidet deres i emnet.
## Dette lærer du
LUR/Profesjonsmaster PPU, profil realfag:
Kunnskap
Studenten
- skal ha grunnleggende kunnskap om ulike teoretiske tradisjoner og vitenskapelige problemstillinger innen fagdidaktikk i realfag.
- skal ha god innsikt i den rollen litteratur spiller i fagdidaktisk forskning.
- skal ha kunnskap om ulike forskningslitteratur-sjangre, og kan vurdere bruk av ulike typer tekster i eget arbeid.
Ferdigheter
Studenten
- skal kunne gjengi, analysere og kritisk vurdere fagdidaktisk litteratur.
- skal kunne søke opp relevant litteratur og bruke ulike hensiktsmessige søkemotorer.
- skal kunne korrekt sitatteknikk og lage litteraturlister i henhold til faglig standard.
Generelle ferdigheter
Studenten
- skal kunne bruke forskningslitteratur til å utvikle faglig argumentasjon.
- skal kunne lese tekster og forme seg selvstendige meninger om disse.
- skal skrive akademiske tekster der kritisk tenkning og kreativitet kommer til uttrykk i tillegg til kunnskaper og ferdigheter i emnet.
Profesjonsmaster PPU, profil naturbruk:
Kunnskap: Studenten kan
- gjøre rede for og begrunne valg av aksjonslæring som strategi for utforskning i utprøvingsprosjekt samt masteroppgave og for arbeidsoppgaver som det er relevant å utforske i skolen.
- velge og begrunne valget av yrkespedagogiske perspektiver for å belyse og drøfte endrings- og utviklingsarbeid i prøveprosjekt og mastergradsarbeidet
Ferdigheter: Studenten kan
- bruke aksjonslæring i utforskende praksis gjennom systematisk dokumentasjon under arbeid med masteroppgaven.
- bevisstgjøre seg utfordringer som oppstår i samarbeid om aksjonslæring og bruke metoder for å klargjøre og håndtere motsetninger når samarbeidsutfordringer oppstår.
Generell kompetanse: Studenten kan
- gjøre rede for betydningen av selvbevissthet og selvrefleksjon som grunnlag for forskerrollen i aksjonslæring.
- reflektere omkring håndtering av dilemmaer som kan oppstå når forskeren selv deltar aktivt i forskningssamarbeid med kolleger, elever og andre samarbeidspartnere
- forske i egen og/eller felles praksis i skolen
- Læringsaktiviteter
Emnet går parallelt og i forskjellig grad i samarbeid med metodeemnet PPFO301 Innføring i utdanningsvitenskapelige forskningsmetoder for de to profilene.
LUR/Profesjonsmaster PPU, profil realfag: Gjennom lesing, gruppesamtaler, forelesninger og skriftlig arbeid, skal studenten knytte litteratur til egne erfaringer og mer teoretiske problemstillinger. Det forventes at studenten deltar aktivt i undervisning, i forberedelser til undervisning og i seminargrupper med andre studenter. Veiledning på tekst er en sentral del av emnet. Slik veiledning kan være en del av gruppeaktiviteter med medstudenter, i fra emneansvarlig eller veileder(e) på masteroppgaven.
Profesjonsmaster PPU, profil naturbruk: I denne profilen er arbeidet med forskningsmetoder i PPFO301 nært knyttet til planlegging, gjennomføring og evaluering av endrings- og utviklingsarbeid i utprøvingsprosjektet i PPUT301. De to emnene samordnes gjennom de fire fysiske samlingene i høstsemesteret. Innledningsvis rettes oppmerksomheten mot hva studentene er interessert i å utforske i mastergradsoppgaven som grunnlag for utvikling av utprøvingsprosjekt med problemstillinger og forskningsspørsmål. Parallelt utfører studentene gruppevis praktiske opplegg for tilretteleggelse for læring i naturbruk i PPFO301, for å få konkret grunnlag for metodevalg og for å realitetsorientere prøveprosjektene i PPUT301. Planlegging, gjennomføring og evaluering av utprøvingsprosjektene utløser behov for bruk av relevante forskningsmetoder samt for å finne og bruke yrkespedagogiske perspektiver og teorier for å drøfte tema og funn i prøveprosjektet. De fagansatte veileder studentene i utforskningsprosessen. Studentene samarbeider og veileder hverandre i gruppene som utfører utprøvingsprosjektet. De fagansatte legger også til rette for at gruppene veileder og lærer av hverandre.
Emnet går parallelt og i forskjellig grad i samarbeid med metodeemnet PPFO301 Innføring i utdanningsvitenskapelige forskningsmetoder for de to profilene.
LUR/Profesjonsmaster PPU, profil realfag: Gjennom lesing, gruppesamtaler, forelesninger og skriftlig arbeid, skal studenten knytte litteratur til egne erfaringer og mer teoretiske problemstillinger. Det forventes at studenten deltar aktivt i undervisning, i forberedelser til undervisning og i seminargrupper med andre studenter. Veiledning på tekst er en sentral del av emnet. Slik veiledning kan være en del av gruppeaktiviteter med medstudenter, i fra emneansvarlig eller veileder(e) på masteroppgaven.
Profesjonsmaster PPU, profil naturbruk: I denne profilen er arbeidet med forskningsmetoder i PPFO301 nært knyttet til planlegging, gjennomføring og evaluering av endrings- og utviklingsarbeid i utprøvingsprosjektet i PPUT301. De to emnene samordnes gjennom de fire fysiske samlingene i høstsemesteret. Innledningsvis rettes oppmerksomheten mot hva studentene er interessert i å utforske i mastergradsoppgaven som grunnlag for utvikling av utprøvingsprosjekt med problemstillinger og forskningsspørsmål. Parallelt utfører studentene gruppevis praktiske opplegg for tilretteleggelse for læring i naturbruk i PPFO301, for å få konkret grunnlag for metodevalg og for å realitetsorientere prøveprosjektene i PPUT301. Planlegging, gjennomføring og evaluering av utprøvingsprosjektene utløser behov for bruk av relevante forskningsmetoder samt for å finne og bruke yrkespedagogiske perspektiver og teorier for å drøfte tema og funn i prøveprosjektet. De fagansatte veileder studentene i utforskningsprosessen. Studentene samarbeider og veileder hverandre i gruppene som utfører utprøvingsprosjektet. De fagansatte legger også til rette for at gruppene veileder og lærer av hverandre.
- Læringsstøtte
Studentene veiledes i den skriftlige oppgaven av emneansvarlig og veileder(e). I tillegg vil det være vesentlig å gi og få tilbakemeldinger til/fra medstudenter undervegs i emnet.
- Pensum
Det inngår felleslitteratur på ca 300-350 sider, samt individuell litteratur av omfang ca 200-400 sider (avhengig om det er artikler eller bøker). Litteraturlisten skal foreligge på emnets læringsplattformer ved studiestart.
- Forutsatte forkunnskaper
LUR-studenter samt studenter ved profesjonsmaster i realfag og aksjonslæring har fortrinnsrett. For LUR-studenter forutsettes PPXP100, PPRA200, PPRA201, PPRA301, PPPE301 og PPFD301 i tillegg til emnegrupper i realfag (fag 1 og fag 2).
- Vurderingsordning, hjelpemiddel og eksamen
En individuell eller gruppebasert skriftlig oppgave er grunnlag for vurderingen.
Oppgaven vurderes som bestått/ikke bestått.
En individuell eller gruppebasert skriftlig oppgave er grunnlag for vurderingen.
Oppgaven vurderes som bestått/ikke bestått.
- Om bruk av KI
Profesjonsmaster PPU, profil naturbruk: I emnet tillates full bruk av KI (nivå K3). Studenten skal begrunne hvorfor KI eventuelt er blitt brukt og gjøre rede for hvordan KI i tilfelle er brukt og hva KI da har bidratt med i arbeidet med innleveringsoppgaven.
LUR/Profesjonsmaster PPU, profil realfag: I emnet tillates full bruk av KI (nivå K3). Studenten skal gjøre rede for hvordan og hvorfor KI er blitt brukt i arbeidet med de to skriftlige oppgavene i emnet. Videre skal studenten drøfte hvordan og hvorfor KI-bruk bidrar til utvikling av egen faglig og forskningsmetodisk kompetanse.
Her finner du KI-kategoriene beskrevet.
Profesjonsmaster PPU, profil naturbruk: I emnet tillates full bruk av KI (nivå K3). Studenten skal begrunne hvorfor KI eventuelt er blitt brukt og gjøre rede for hvordan KI i tilfelle er brukt og hva KI da har bidratt med i arbeidet med innleveringsoppgaven.
LUR/Profesjonsmaster PPU, profil realfag: I emnet tillates full bruk av KI (nivå K3). Studenten skal gjøre rede for hvordan og hvorfor KI er blitt brukt i arbeidet med de to skriftlige oppgavene i emnet. Videre skal studenten drøfte hvordan og hvorfor KI-bruk bidrar til utvikling av egen faglig og forskningsmetodisk kompetanse.
Her finner du KI-kategoriene beskrevet.
- Sensorordning
LUR/Profesjonsmaster PPU, profil realfag: Intern sensur av oppgavebesvarelsen
Profesjonsmaster PPU, profil naturbruk: Intern sensur av oppgavebesvarelsen
LUR/Profesjonsmaster PPU, profil realfag: Intern sensur av oppgavebesvarelsen
Profesjonsmaster PPU, profil naturbruk: Intern sensur av oppgavebesvarelsen
- Obligatorisk aktivitet
LUR/Profesjonsmaster PPU, profil realfag: Deltagelse på samlinger med krav om minimum 80% oppmøte. Studentene skal gjennomføre en muntlig individuell presentasjon som tar utgangspunkt i en valgt problemstilling/påstand som drøftes opp mot et mindre utvalg av litteratur. Litteraturen skal knyttes til (foreløpig) problemstilling på egen masteroppgave -og til emnets litteratur. Studentene skal gi tilbakemelding til andre studenters muntlige presentasjoner.
Profesjonsmaster PPU, profil naturbruk: Fysisk deltagelse på samlinger med krav om minimum 70 % oppmøte. Studentene skal planlegge, gjennomføre og evaluere et utprøvingsprosjekt som forberedelse til arbeidet med masteroppgaven, fortrinnsvis i grupper på to-tre studenter. I tredje og fjerde samling skal studentene presentere arbeid og foreløpige resultater i utprøvingsprosjektet for veiledere og medstudenter. Medstudentene skal gi tilbakemelding til andre studentgruppers muntlige presentasjoner. Utprøvingsprosjektet skal dokumenteres ut fra spesifiserte kriterier i en skriftlig innleveringsoppgave.
LUR/Profesjonsmaster PPU, profil realfag: Deltagelse på samlinger med krav om minimum 80% oppmøte. Studentene skal gjennomføre en muntlig individuell presentasjon som tar utgangspunkt i en valgt problemstilling/påstand som drøftes opp mot et mindre utvalg av litteratur. Litteraturen skal knyttes til (foreløpig) problemstilling på egen masteroppgave -og til emnets litteratur. Studentene skal gi tilbakemelding til andre studenters muntlige presentasjoner.
Profesjonsmaster PPU, profil naturbruk: Fysisk deltagelse på samlinger med krav om minimum 70 % oppmøte. Studentene skal planlegge, gjennomføre og evaluere et utprøvingsprosjekt som forberedelse til arbeidet med masteroppgaven, fortrinnsvis i grupper på to-tre studenter. I tredje og fjerde samling skal studentene presentere arbeid og foreløpige resultater i utprøvingsprosjektet for veiledere og medstudenter. Medstudentene skal gi tilbakemelding til andre studentgruppers muntlige presentasjoner. Utprøvingsprosjektet skal dokumenteres ut fra spesifiserte kriterier i en skriftlig innleveringsoppgave.
- Undervisningstider
LUR/Profesjonsmaster PPU, profil realfag: Form og antall på fellessamlinger vil avhenge av antall påmeldte og blir lagt fram ved oppstart av emnet.
Profesjonsmaster PPU, profil naturbruk: Fire fysiske samlinger på to til tre dager på Campus samkjørt med PPFO301. Profilen tar ugangspunkt i praktiske og relevante øvelser, aksjonslæring og utforskende arbeidsmåter med veiledning av medstudenter og fagansatte under de fysiske samlingene. Planlegging, gjennomføring og evaluering av utprøvingsprosjekt er den sentrale oppgaven i profilen. Veiledning av muntlige presentasjoner av arbeidet med prosjektet mellom samlingene vil stå sentralt i de to siste fysiske samlingene.
LUR/Profesjonsmaster PPU, profil realfag: Form og antall på fellessamlinger vil avhenge av antall påmeldte og blir lagt fram ved oppstart av emnet.
Profesjonsmaster PPU, profil naturbruk: Fire fysiske samlinger på to til tre dager på Campus samkjørt med PPFO301. Profilen tar ugangspunkt i praktiske og relevante øvelser, aksjonslæring og utforskende arbeidsmåter med veiledning av medstudenter og fagansatte under de fysiske samlingene. Planlegging, gjennomføring og evaluering av utprøvingsprosjekt er den sentrale oppgaven i profilen. Veiledning av muntlige presentasjoner av arbeidet med prosjektet mellom samlingene vil stå sentralt i de to siste fysiske samlingene.
- Fortrinnsrett
M-LUN og profesjonsmasterstudenter i realfag og aksjonslæring",NA,NA
"nmbu","nmbu",NA,"Studiepoeng:10
Ansvarlig fakultet:Fakultet for realfag og teknologi
Emneansvarlig:Gerd Johansen
Campus / nettbasert:Undervises campus Ås
Undervisningens språk:Norsk
Antall plasser:35
Frekvens:Årlig
Forventet arbeidsmengde:300 timer inkludert 15 praksisdager med arbeidstid tilsvarende en lærer i full stilling.
Undervisnings- og vurderingsperiode:Undervisning i augustblokk og januarblokk. Vurdering i augustblokk, høstparallell, januarblokk og vårparallell.
## Om dette emnet
Emnet gir en innføring i fagdidaktisk og pedagogisk tenkning samt praksis gjennom en kombinasjon av undervisning i profesjonsfag og praksisopplæring i august- og januarblokk.
Hensikten med emnet er å gi studenten en begynnende innsikt i hva det vil si å være lærer. Viktige elementer i emnet er å delta i, observere og beskrive undervisning og elevers faglige og sosiale læring. Emnet tar for seg at det er ulike tilnærminger til utdanning for bærekraftig utvikling og at bærekraftig utvikling henger tett sammen med demokrati og medborgerskap og folkehelse og livsmestring.
## Dette lærer du
Læringsutbyttet er innenfor områdene pedagogikk, fagdidaktikk og praksis.
Kunnskap: Studenten
- har grunnleggende teoretisk og erfaringsbasert kunnskap om observasjon, planlegging og gjennomføring av undervisning med utgangspunkt i læreplanverket og elevgruppa
- har kunnskap om grunnleggende profesjonsetiske vurderinger og kan reflektere over disse
- har kunnskap om ulike perspektiv på utdanning for bærekraftig utdanning
- har kunnskap om hvordan og hvorfor digitale verktøy kan benyttes i undervisning og reflektere over disse i et bærekraftsperspektiv
Ferdighet: Studenten
- har læringsfremmende og relasjonsbyggende kommunikasjon med elever, lærere og medstudenter
- kan lage enkle planer for undervisning
Generell kompetanse: Studenten
- kan samarbeide i grupper og reflektere over gruppeprosessene
- kan skrive reflekterende tekst med utgangspunkt i egne erfaringer og faglitteratur
- kan bruke emnelitteraturen og erfaringer fra praksis til å gjøre egne refleksjoner om læring, undervisning og utdanning for bærekraftig utvikling
- Læringsaktiviteter
Emnet kombinerer praksisopplæring i skole med undervisning på campus. Praksisopplæring er i gruppe og fortrinnsvis i ungdomsskole. Praksis er totalt 15 dager: 5 dager i august og 10 dager i januar. Praksisen i august fokuserer på observasjon av undervisning og det å ha god kommunikasjon med elever, lærere og medstudenter. Under praksisperioden i januar skal kommunikasjon og samhandling med elever og praksislærere videreutvikles. I januar skal praksisgruppa delta mer aktivt i undervisning og ha noe mer ansvar for å planlegge undervisning samt få erfaringer med å lede undervisning.
Undervisningen på campus vil vektlegge varierte arbeidsmåter og undervisningsmetoder, med vekt på samarbeid og gruppeprosesser. Refleksjon over praksis og teori er sentralt.
Emnet kombinerer praksisopplæring i skole med undervisning på campus. Praksisopplæring er i gruppe og fortrinnsvis i ungdomsskole. Praksis er totalt 15 dager: 5 dager i august og 10 dager i januar. Praksisen i august fokuserer på observasjon av undervisning og det å ha god kommunikasjon med elever, lærere og medstudenter. Under praksisperioden i januar skal kommunikasjon og samhandling med elever og praksislærere videreutvikles. I januar skal praksisgruppa delta mer aktivt i undervisning og ha noe mer ansvar for å planlegge undervisning samt få erfaringer med å lede undervisning.
Undervisningen på campus vil vektlegge varierte arbeidsmåter og undervisningsmetoder, med vekt på samarbeid og gruppeprosesser. Refleksjon over praksis og teori er sentralt.
- Læringsstøtte
Studentene veiledes i obligatoriske aktiviteter og i praksisopplæring.
- Pensum
Oversikt over litteratur ligger i læringsplattformen Canvas ved emnets start.
- Vurderingsordning, hjelpemiddel og eksamen
Emnet består av to deler som vurderes hver for seg:
Praksisopplæringen. Samlet vurdering som vurderes bestått/ikke bestått.
Og en skriftlig individuell hjemmeeksamen.
Karakteruttrykk: Bestått/ikke bestått
Emnet består av to deler som vurderes hver for seg:
Praksisopplæringen. Samlet vurdering som vurderes bestått/ikke bestått.
Og en skriftlig individuell hjemmeeksamen.
Karakteruttrykk: Bestått/ikke bestått
- Om bruk av KI
K2 - Spesifisert bruk av KI. Bruk av KI må være i tråd med retningslinjene for bruk av kunstig intelligens (KI) ved NMBU.
KI i ulike former vil inngå som en del av ordinær undervisning.
Det gis anledning til å bruke generativ KI (chatbot) for å hjelpe til med rettskriving og grammatikk på hjemmeeksamen. Det vil si prompt som spør etter grammatikk på setningsnivå. Det er ikke anledning å be chatbot om hjelp til innhold i hjemmeeksamen. Begreper og teori skal forankres i emnets litteratur og studenten skal selv - og sammen med medstudenter, reflektere over praksis og teori.
Her finner du KI-kategoriene beskrevet.
K2 - Spesifisert bruk av KI. Bruk av KI må være i tråd med retningslinjene for bruk av kunstig intelligens (KI) ved NMBU.
KI i ulike former vil inngå som en del av ordinær undervisning.
Det gis anledning til å bruke generativ KI (chatbot) for å hjelpe til med rettskriving og grammatikk på hjemmeeksamen. Det vil si prompt som spør etter grammatikk på setningsnivå. Det er ikke anledning å be chatbot om hjelp til innhold i hjemmeeksamen. Begreper og teori skal forankres i emnets litteratur og studenten skal selv - og sammen med medstudenter, reflektere over praksis og teori.
Her finner du KI-kategoriene beskrevet.
- Sensorordning
- Praksislærer og emneansvarlig vurderer praksisopplæringen.
- Ekstern sensor kontrollerer og godkjenner oppgavetekst og vurderingskriterier.
- En intern sensor vurderer de skriftlige besvarelsene.
- Praksislærer og emneansvarlig vurderer praksisopplæringen.
- Ekstern sensor kontrollerer og godkjenner oppgavetekst og vurderingskriterier.
- En intern sensor vurderer de skriftlige besvarelsene.
- Obligatorisk aktivitet
15 dager praksisopplæring
Minimum 80% deltakelse i undervisning på campus
Plan for praksis i august
Plan for praksis i januar
Rapport fra praksis i august
- 15 dager praksisopplæring
- Minimum 80% deltakelse i undervisning på campus
- Plan for praksis i august
- Plan for praksis i januar
- Rapport fra praksis i august
- Undervisningstider",NA,NA
